Disease,Symptom_1,Symptom_2,Symptom_3,Symptom_4,Symptom_5,Symptom_6,Symptom_7,Symptom_8,Symptom_9,Symptom_10,Symptom_11,Symptom_12,Symptom_13,Symptom_14,Symptom_15,Symptom_16,Symptom_17
Leukemia,Redness,Unexplained bleeding,Soreness,Sneezing,Nosebleeds,Vomiting,Slight fever,Problems with words,Skin infections,Bone pain,Itching,Change in existing mole,Bloating,Diarrhea,Shortness of breath,Thickened skin,Hunger
Melanoma,Redness,Staring spells,Nosebleeds,Itching,Change in existing mole,Vomiting,Slight fever,Swelling,Tenderness,Chest discomfort,Difficulty performing familiar tasks,Bone pain,Receding gums,Diarrhea,Shortness of breath,Anemia,Sore that doesn’t heal
Bronchitis,Severe headache,Redness,Nausea,Nosebleeds,Chest discomfort,Slight fever,Diarrhea,Vomiting,Difficulty thinking,Mucus production,Difficulty performing familiar tasks,Itching,Swelling,Blisters,Shortness of breath,Sore that doesn’t heal,Gas
Cancer,Redness,Unexplained bleeding,Hard lumps,Loss of taste,Frequent urination,Unexplained fevers,Reduced appetite,Vomiting,Itching,Diarrhea,Bloating,Swelling,Bone fractures,Difficulty swallowing,Tophi,Shortness of breath,Thickened skin
Cancer,Inability to defecate,Unexplained bleeding,Staring spells,Hunger,Frequent urination,Unexplained fevers,Receding gums,Bloating,Difficulty thinking,Morning stiffness,Diarrhea,Body aches,Difficulty swallowing,Blisters,Shortness of breath,Anemia,Sore that doesn’t heal
Peptic Ulcer,Blood in stool,Bleeding mole,Nausea,Anemia,Change in bowel habits,Frequent infections,Vomiting,Shortness of breath,Diarrhea,Bloating,Swelling,Skin infections,Numbness,Body aches,Difficulty swallowing,Loss of taste,Hunger
Rheumatoid Arthritis,Soreness,Pneumonia,Throbbing pain,Sneezing,Nausea,Frequent urination,Vomiting,Itching,Receding gums,Diarrhea,Morning stiffness,Swelling,Difficulty swallowing,Tophi,Shortness of breath,Anemia,Gas
Asthma,Swollen joints,Stooped posture,Aura,Difficulty sleeping,Nausea,Nosebleeds,Increased mucus production,Vomiting,Chest discomfort,Diarrhea,Skin infections,Slight fever,Swelling,Numbness,Difficulty swallowing,Blisters,Shortness of breath
Anemia,Redness,Burning,Difficulty sleeping,Change in bowel habits,Belching,Reduced appetite,Itching,Diarrhea,Problems with words,Morning stiffness,Swelling,Bone pain,Tenderness,Bloating,Shortness of breath,Anemia,Sore that doesn’t heal
Hypertension,Fear,Nosebleeds,Neck stiffness,Reduced appetite,Change in existing mole,Slight fever,Diarrhea,Receding gums,Loss of height,Itching,Bloating,Vomiting,Swelling,Shortness of breath,Difficulty swallowing,Loss of taste,Hunger
Hypertension,Inability to defecate,Swollen joints,Soreness,Difficulty sleeping,Nosebleeds,Itching,Vomiting,Problems with words,Tender abdomen,Receding gums,Diarrhea,Numbness,Difficulty swallowing,Blisters,Shortness of breath,Hunger,Gas
Kidney Stones,Severe headache,Soreness,Nausea,Tremor,Pain during urination,Itching,Slight fever,Vomiting,Diarrhea,Morning stiffness,Tenderness,Swelling,Irritability,Numbness,Blisters,Shortness of breath,Thickened skin
Celiac Disease,Inability to defecate,Bleeding mole,Burning,Difficulty sleeping,Nausea,Constipation,Coughing up blood,Mild fever,Withdrawal from work,Fatigue,Chest discomfort,Vomiting,Diarrhea,Bloating,Itching,Irritability,Shortness of breath
Pneumonia,Severe headache,Blood in stool,Throbbing pain,Burning,Nausea,Hard lumps,Nosebleeds,Frequent urination,Vomiting,Diarrhea,Difficulty thinking,Tenderness,Body aches,Difficulty swallowing,Shortness of breath,Anemia,Gas
Bronchitis,Fear,Nosebleeds,Blisters,Withdrawal from work,Itching,Slight fever,Diarrhea,Difficulty performing familiar tasks,Bloating,Mucus production,Bone fractures,Swelling,Vomiting,Difficulty swallowing,Tophi,Shortness of breath,Thickened skin
Heart Disease,Swollen joints,Bleeding mole,Staring spells,Difficulty sleeping,Neck stiffness,Loss of smell,Frequent urination,Chest discomfort,Vomiting,Receding gums,Difficulty performing familiar tasks,Difficulty thinking,Tender abdomen,Bone fractures,Tophi,Shortness of breath,Sore that doesn’t heal
COVID-19,Sneezing,Nausea,Rapid pulse,Constipation,Itching,Slight fever,Diarrhea,Bloating,Swelling,Mucus production,Shortness of breath,Difficulty swallowing,Blisters,Loss of taste,Thickened skin,Sore that doesn’t heal,Gas
HIV/AIDS,Blood in stool,Fear,Pneumonia,Rash,Sneezing,Nosebleeds,Nausea,Chest discomfort,Itching,Diarrhea,Skin infections,Swelling,Bloating,Tenderness,Vomiting,Numbness,Anemia
Tuberculosis,Severe headache,Staring spells,Rapid pulse,Nausea,Increased thirst,Coughing up blood,Loss of smell,Fatigue,Vomiting,Chest discomfort,Congestion,Bloating,Swelling,Weakness,Bladder issues,Sensitivity to light,Shortness of breath
Parkinson's Disease,Unexplained bleeding,Soreness,Swollen joints,Stooped posture,Difficulty sleeping,Burning,Reduced appetite,Chest discomfort,Vomiting,Diarrhea,Bone pain,Swelling,Irritability,Difficulty swallowing,Tophi,Hunger,Gas
Rheumatoid Arthritis,Bowel issues,Fear,Nausea,Increased mucus production,Frequent urination,Jaw pain,Fatigue,Vomiting,Itching,Diarrhea,Bloating,Swelling,Weakness,Body aches,Shortness of breath,Thickened skin,Double vision
Multiple Sclerosis,Inability to defecate,Nausea,Constipation,Frequent urination,Loss of automatic movements,Fullness,Withdrawal from work,Fatigue,Vomiting,Diarrhea,Bloating,Tenderness,Swelling,Body aches,Difficulty swallowing,Shortness of breath,Anemia
Celiac Disease,Severe headache,Redness,Inability to defecate,Staring spells,Nosebleeds,Frequent urination,Loss of smell,Vomiting,Chest discomfort,Diarrhea,Slight fever,Receding gums,Itching,Body aches,Tophi,Shortness of breath,Anemia
HIV/AIDS,Pneumonia,Rash,Nausea,Hard lumps,Increased mucus production,Tremor,Loss of smell,Increased thirst,Withdrawal from work,Itching,Slight fever,Diarrhea,Vomiting,Swelling,Mucus production,Tophi,Shortness of breath
Osteoporosis,Redness,Stooped posture,Pneumonia,Nausea,Hard lumps,Increased mucus production,Neck stiffness,Loss of smell,Constipation,Vomiting,Itching,Receding gums,Diarrhea,Difficulty thinking,Bloating,Shortness of breath,Sore that doesn’t heal
Alzheimer's Disease,Redness,Bowel issues,Blood in stool,Nausea,Misplacing things,Frequent infections,Withdrawal from work,Vomiting,Diarrhea,Difficulty performing familiar tasks,Difficulty thinking,Bone pain,Tender abdomen,Numbness,Tophi,Shortness of breath,Hunger
Pneumonia,Severe headache,Unexplained bleeding,Difficulty sleeping,Nausea,Nosebleeds,Increased mucus production,Misplacing things,Vomiting,Diarrhea,Difficulty thinking,Swelling,Bone fractures,Body aches,Blisters,Shortness of breath,Anemia,Gas
Cancer,Severe headache,Unexplained bleeding,Inability to defecate,Burning,Change in bowel habits,Hard lumps,Unexplained fevers,Withdrawal from work,Vomiting,Diarrhea,Difficulty performing familiar tasks,Bone pain,Swelling,Difficulty walking,Difficulty swallowing,Shortness of breath,Hunger
Hepatitis B,Redness,Swollen joints,Blood in stool,Difficulty sleeping,Nausea,Hard lumps,Constipation,Frequent urination,Itching,Slight fever,Change in existing mole,Diarrhea,Bloating,Swelling,Difficulty swallowing,Shortness of breath,Hunger
Hepatitis B,Soreness,Fear,Staring spells,Nausea,Loss of automatic movements,Frequent infections,Fatigue,Fullness,Vomiting,Slight fever,Congestion,Bloating,Swelling,Stiff joints,Weakness,Shortness of breath,Hunger
Diabetes,Redness,Unexplained bleeding,Blood in stool,Aura,Difficulty sleeping,Nausea,Unexplained fevers,Withdrawal from work,Change in existing mole,Vomiting,Receding gums,Tenderness,Irritability,Numbness,Blisters,Shortness of breath,Hunger
HIV/AIDS,Blood in stool,Pneumonia,Rash,Sneezing,Hunger,Change in bowel habits,Neck stiffness,Frequent urination,Nausea,Misplacing things,Coughing up blood,Itching,Change in existing mole,Diarrhea,Bloating,Anemia,Sore that doesn’t heal
COVID-19,Severe headache,Bowel issues,Redness,Swollen joints,Frequent urination,Withdrawal from work,Reduced appetite,Chest discomfort,Itching,Diarrhea,Problems with words,Vomiting,Mucus production,Tenderness,Blisters,Thickened skin,Hunger
Bronchitis,Bowel issues,Soreness,Throbbing pain,Nosebleeds,Increased mucus production,Frequent urination,Chest discomfort,Slight fever,Vomiting,Swelling,Mucus production,Bone pain,Blisters,Shortness of breath,Anemia,Sore that doesn’t heal,Gas
Gastritis,Swollen joints,Bleeding mole,Burning,Rash,Hard lumps,Increased mucus production,Itching,Diarrhea,Bloating,Difficulty thinking,Bone pain,Swelling,Difficulty swallowing,Blisters,Shortness of breath,Anemia,Hunger
Crohn's Disease,Redness,Inability to defecate,Difficulty sleeping,Nausea,Frequent infections,Mild fever,Reduced appetite,Itching,Chest discomfort,Diarrhea,Skin infections,Problems with words,Difficulty performing familiar tasks,Swelling,Bloating,Vomiting,Tophi
Irritable Bowel Syndrome,Bowel issues,Nausea,Tremor,Nosebleeds,Reduced appetite,Itching,Change in existing mole,Diarrhea,Bloating,Problems with words,Bone pain,Receding gums,Difficulty swallowing,Numbness,Shortness of breath,Anemia,Gas
Crohn's Disease,Sneezing,Hard lumps,Neck stiffness,Vomiting,Chest discomfort,Diarrhea,Skin infections,Problems with words,Mucus production,Bloating,Bone fractures,Body aches,Loss of height,Difficulty swallowing,Swelling,Tenderness,Anemia
Influenza,Severe headache,Redness,Hard lumps,Frequent urination,Unconsciousness,Mild fever,Fatigue,Itching,Change in existing mole,Diarrhea,Difficulty performing familiar tasks,Bone pain,Mucus production,Vomiting,Numbness,Tophi,Shortness of breath
Melanoma,Redness,Unexplained bleeding,Fear,Hard lumps,Increased mucus production,Neck stiffness,Loss of smell,Change in existing mole,Itching,Diarrhea,Bloating,Swelling,Tenderness,Vomiting,Shortness of breath,Anemia,Sore that doesn’t heal
Cancer,Redness,Unexplained bleeding,Swollen joints,Hunger,Nosebleeds,Unexplained fevers,Itching,Vomiting,Tender abdomen,Morning stiffness,Swelling,Bone pain,Bloating,Difficulty swallowing,Shortness of breath,Anemia,Sore that doesn’t heal
Multiple Sclerosis,Bowel issues,Difficulty sleeping,Nausea,Constipation,Loss of smell,Pain during urination,Fatigue,Chest discomfort,Vomiting,Slight fever,Bloating,Diarrhea,Swelling,Anxiety,Body aches,Numbness,Shortness of breath
Pneumonia,Redness,Bowel issues,Fear,Sneezing,Nausea,Reduced appetite,Fatigue,Vomiting,Easy bruising,Diarrhea,Skin infections,Tender abdomen,Receding gums,Irregular heartbeat,Shortness of breath,Thickened skin,Hunger
Epilepsy,Severe headache,Bowel issues,Inability to defecate,Blood in stool,Bleeding mole,Sneezing,Nausea,Loss of smell,Chest discomfort,Loss of height,Diarrhea,Itching,Difficulty thinking,Swelling,Difficulty walking,Thickened skin,Gas
Chronic Obstructive Pulmonary Disease,Redness,Blood in stool,Stooped posture,Nausea,Nosebleeds,Vomiting,Loss of height,Diarrhea,Itching,Swelling,Morning stiffness,Bone pain,Change in existing mole,Difficulty swallowing,Blisters,Shortness of breath,Thickened skin
Gout,Swollen joints,Fear,Aura,Staring spells,Difficulty sleeping,Hard lumps,Nausea,Frequent infections,Pain during urination,Itching,Slight fever,Diarrhea,Receding gums,Morning stiffness,Tophi,Shortness of breath,Gas
Melanoma,Redness,Bowel issues,Inability to defecate,Difficulty sleeping,Unexplained fevers,Change in existing mole,Itching,Chest discomfort,Tender abdomen,Tenderness,Diarrhea,Vomiting,Irritability,Shortness of breath,Thickened skin,Anemia,Sore that doesn’t heal
Gout,Redness,Swollen joints,Fear,Sneezing,Nosebleeds,Loss of smell,Vomiting,Diarrhea,Bloating,Morning stiffness,Tenderness,Difficulty swallowing,Irritability,Tophi,Shortness of breath,Thickened skin,Anemia
Anemia,Stooped posture,Burning,Change in bowel habits,Hard lumps,Loss of smell,Fatigue,Shortness of breath,Problems with words,Difficulty performing familiar tasks,Bone pain,Bone fractures,Bloating,Diarrhea,Body aches,Mouth sores,Weakness,Loss of taste
Diabetes,Unexplained bleeding,Soreness,Throbbing pain,Anemia,Nosebleeds,Increased thirst,Vomiting,Irritability,Diarrhea,Skin infections,Swelling,Bloating,Body aches,Numbness,Shortness of breath,Hunger,Gas
HIV/AIDS,Swollen joints,Soreness,Bleeding mole,Pneumonia,Rash,Difficulty sleeping,Anemia,Vomiting,Diarrhea,Tender abdomen,Bone pain,Receding gums,Swelling,Irritability,Tophi,Shortness of breath,Hunger
COVID-19,Unexplained bleeding,Body aches,Staring spells,Frequent urination,Vomiting,Chest discomfort,Diarrhea,Bloating,Morning stiffness,Swelling,Numbness,Irritability,Difficulty swallowing,Blisters,Loss of taste,Thickened skin,Anemia
Peptic Ulcer,Fear,Staring spells,Difficulty sleeping,Nosebleeds,Increased mucus production,Hard lumps,Vomiting,Chest discomfort,Itching,Bloating,Tender abdomen,Swelling,Tenderness,Diarrhea,Body aches,Tophi,Hunger
COVID-19,Redness,Bleeding mole,Throbbing pain,Aura,Difficulty sleeping,Loss of smell,Vomiting,Shortness of breath,Diarrhea,Receding gums,Swelling,Bloating,Numbness,Tophi,Loss of taste,Hunger,Sore that doesn’t heal
Ulcerative Colitis,Aura,Staring spells,Nausea,Increased thirst,Belching,Loss of automatic movements,Unexplained fevers,Vomiting,Itching,Diarrhea,Difficulty performing familiar tasks,Swelling,Tender abdomen,Numbness,Shortness of breath,Thickened skin,Anemia
Kidney Stones,Unexplained bleeding,Stooped posture,Sneezing,Rash,Nosebleeds,Nausea,Frequent urination,Belching,Vomiting,Slight fever,Itching,Diarrhea,Swelling,Tenderness,Shortness of breath,Hunger,Gas
Psoriasis,Swollen joints,Soreness,Burning,Staring spells,Sneezing,Difficulty sleeping,Nausea,Itching,Chest discomfort,Vomiting,Diarrhea,Bone pain,Mucus production,Swelling,Shortness of breath,Hunger,Sore that doesn’t heal
Migraine,Severe headache,Aura,Nausea,Nosebleeds,Coughing up blood,Loss of automatic movements,Unexplained fevers,Change in existing mole,Vomiting,Problems with words,Skin infections,Receding gums,Mucus production,Diarrhea,Swelling,Anemia,Gas
COVID-19,Fear,Staring spells,Nosebleeds,Neck stiffness,Loss of smell,Frequent urination,Withdrawal from work,Vomiting,Itching,Problems with words,Difficulty performing familiar tasks,Morning stiffness,Bone pain,Diarrhea,Shortness of breath,Tophi,Loss of taste
Eczema,Blood in stool,Rash,Nausea,Hard lumps,Nosebleeds,Withdrawal from work,Vomiting,Itching,Difficulty performing familiar tasks,Swelling,Mucus production,Difficulty thinking,Bloating,Tenderness,Numbness,Shortness of breath,Thickened skin
HIV/AIDS,Redness,Soreness,Fear,Pneumonia,Rash,Nausea,Belching,Depression,Fatigue,Chest discomfort,Irregular heartbeat,Diarrhea,Mouth sores,Stiff joints,Weakness,Difficulty swallowing,Double vision
Chronic Obstructive Pulmonary Disease,Severe headache,Swollen joints,Inability to defecate,Aura,Nosebleeds,Increased mucus production,Loss of taste,Loss of smell,Reduced appetite,Chest discomfort,Itching,Diarrhea,Problems with words,Swelling,Bloating,Difficulty walking,Shortness of breath
COVID-19,Severe headache,Swollen joints,Body aches,Rash,Increased mucus production,Neck stiffness,Loss of smell,Unexplained fevers,Chest discomfort,Slight fever,Diarrhea,Difficulty performing familiar tasks,Bloating,Mucus production,Receding gums,Itching,Irritability
Gastritis,Severe headache,Swollen joints,Burning,Nausea,Neck stiffness,Belching,Loss of automatic movements,Withdrawal from work,Fatigue,Vomiting,Loss of height,Diarrhea,Stiff joints,Swelling,Weakness,Tophi,Hunger
Diabetes,Blood in stool,Throbbing pain,Nausea,Anemia,Increased mucus production,Increased thirst,Depression,Loss of automatic movements,Fatigue,Itching,Chest discomfort,Difficulty performing familiar tasks,Swelling,Bone pain,Irritability,Hunger,Gas
Rheumatoid Arthritis,Swollen joints,Sneezing,Nausea,Increased mucus production,Frequent urination,Chest discomfort,Slight fever,Vomiting,Bloating,Morning stiffness,Swelling,Tenderness,Diarrhea,Difficulty swallowing,Shortness of breath,Hunger,Sore that doesn’t heal
Peptic Ulcer,Bowel issues,Rash,Hard lumps,Frequent urination,Reduced appetite,Vomiting,Slight fever,Diarrhea,Bloating,Difficulty performing familiar tasks,Mucus production,Problems with words,Morning stiffness,Bone pain,Itching,Blisters,Shortness of breath
Gout,Redness,Bowel issues,Severe headache,Fear,Hard lumps,Nosebleeds,Neck stiffness,Withdrawal from work,Vomiting,Itching,Change in existing mole,Skin infections,Swelling,Tender abdomen,Bone fractures,Tophi,Shortness of breath
Gastritis,Blood in stool,Swollen joints,Burning,Nausea,Coughing up blood,Neck stiffness,Belching,Constipation,Reduced appetite,Itching,Vomiting,Diarrhea,Bloating,Tender abdomen,Blisters,Shortness of breath,Anemia
HIV/AIDS,Unexplained bleeding,Bowel issues,Rash,Loss of smell,Unexplained fevers,Vomiting,Itching,Diarrhea,Difficulty performing familiar tasks,Morning stiffness,Tenderness,Swelling,Body aches,Tophi,Blisters,Shortness of breath,Anemia
Pancreatitis,Redness,Pneumonia,Body aches,Nausea,Rapid pulse,Nosebleeds,Increased mucus production,Neck stiffness,Coughing up blood,Belching,Jaw pain,Mild fever,Vomiting,Loss of height,Receding gums,Irritability,Shortness of breath
Common Cold,Unexplained bleeding,Soreness,Body aches,Sneezing,Nosebleeds,Loss of smell,Reduced appetite,Itching,Diarrhea,Tender abdomen,Bone pain,Bloating,Swelling,Irritability,Numbness,Thickened skin,Anemia
Appendicitis,Redness,Bowel issues,Throbbing pain,Hard lumps,Nosebleeds,Frequent urination,Loss of smell,Reduced appetite,Vomiting,Loss of height,Diarrhea,Difficulty performing familiar tasks,Swelling,Problems with words,Bone fractures,Irritability,Shortness of breath
Alzheimer's Disease,Bowel issues,Increased mucus production,Loss of taste,Unexplained fevers,Withdrawal from work,Itching,Slight fever,Problems with words,Difficulty performing familiar tasks,Difficulty thinking,Diarrhea,Bone fractures,Loss of height,Change in existing mole,Swelling,Difficulty swallowing,Shortness of breath
Crohn's Disease,Redness,Bowel issues,Nausea,Nosebleeds,Coughing up blood,Constipation,Butterfly-shaped rash,Reduced appetite,Fatigue,Vomiting,Itching,Diarrhea,Difficulty performing familiar tasks,Difficulty thinking,Bloating,Blisters,Shortness of breath
Irritable Bowel Syndrome,Unexplained bleeding,Nausea,Change in bowel habits,Constipation,Unconsciousness,Vomiting,Chest discomfort,Diarrhea,Bloating,Bone pain,Tender abdomen,Swelling,Itching,Numbness,Shortness of breath,Anemia,Gas
Gastritis,Chest pain,Throbbing pain,Rash,Nausea,Persistent pain,Swelling in ankles,Belching,Loss of smell,Reduced appetite,Fatigue,Vomiting,Diarrhea,Bloating,Difficulty swallowing,Numbness,Sensitivity to light,Shortness of breath
Hypertension,Swollen joints,Pneumonia,Nosebleeds,Unexplained fevers,Withdrawal from work,Reduced appetite,Vomiting,Slight fever,Diarrhea,Problems with words,Tender abdomen,Mucus production,Itching,Swelling,Numbness,Shortness of breath,Thickened skin
Migraine,Blood in stool,Stooped posture,Bleeding mole,Aura,Nausea,Nosebleeds,Coughing up blood,Frequent urination,Constipation,Belching,Diarrhea,Bloating,Swelling,Mucus production,Numbness,Shortness of breath,Anemia
Leukemia,Unexplained bleeding,Bowel issues,Hunger,Increased mucus production,Nosebleeds,Frequent urination,Vomiting,Diarrhea,Bloating,Bone pain,Mucus production,Swelling,Difficulty walking,Numbness,Shortness of breath,Anemia,Sore that doesn’t heal
Psoriasis,Bowel issues,Bleeding mole,Misplacing things,Constipation,Unconsciousness,Fullness,Fatigue,Vomiting,Double vision,Tender abdomen,Swelling,Mucus production,Tenderness,Bloating,Bladder issues,Anemia,Swollen lymph nodes
Lymphoma,Blood in stool,Unexplained bleeding,Bowel issues,Throbbing pain,Aura,Increased mucus production,Itching,Vomiting,Diarrhea,Problems with words,Difficulty thinking,Swelling,Receding gums,Tenderness,Bloating,Shortness of breath,Anemia
Bronchitis,Stooped posture,Fear,Difficulty walking,Staring spells,Frequent urination,Chest discomfort,Slight fever,Itching,Vomiting,Loss of height,Mucus production,Receding gums,Swelling,Diarrhea,Bloating,Blisters,Shortness of breath
Lupus,Soreness,Pneumonia,Throbbing pain,Sneezing,Nausea,Nosebleeds,Burning,Frequent urination,Vomiting,Diarrhea,Tender abdomen,Difficulty thinking,Bloating,Body aches,Difficulty swallowing,Blisters,Shortness of breath
Celiac Disease,Blood in stool,Stooped posture,Nausea,Tremor,Nosebleeds,Blisters,Vomiting,Chest discomfort,Diarrhea,Skin infections,Difficulty thinking,Mucus production,Difficulty performing familiar tasks,Itching,Numbness,Tophi,Anemia
Heart Disease,Bowel issues,Stooped posture,Aura,Sneezing,Nausea,Hard lumps,Neck stiffness,Vomiting,Diarrhea,Tender abdomen,Swelling,Mucus production,Body aches,Numbness,Shortness of breath,Anemia,Gas
Lupus,Nausea,Nosebleeds,Coughing up blood,Loss of automatic movements,Butterfly-shaped rash,Fatigue,Itching,Chest discomfort,Diarrhea,Tender abdomen,Difficulty thinking,Mucus production,Bloating,Irregular heartbeat,Writing changes,Difficulty swallowing,Shortness of breath
Hypertension,Redness,Stooped posture,Pneumonia,Throbbing pain,Change in bowel habits,Nosebleeds,Itching,Chest discomfort,Diarrhea,Bloating,Swelling,Irritability,Numbness,Blisters,Shortness of breath,Hunger,Sore that doesn’t heal
Rheumatoid Arthritis,Redness,Inability to defecate,Body aches,Nausea,Constipation,Unexplained fevers,Fullness,Vomiting,Receding gums,Tender abdomen,Morning stiffness,Swelling,Bloating,Diarrhea,Irritability,Shortness of breath,Sore that doesn’t heal
Influenza,Pneumonia,Aura,Difficulty sleeping,Nausea,Nosebleeds,Rapid pulse,Loss of smell,Loss of automatic movements,Reduced appetite,Fatigue,Chest discomfort,Vomiting,Diarrhea,Bloating,Swelling,Stiff joints,Hunger
Migraine,Throbbing pain,Aura,Nausea,Constipation,Neck stiffness,Frequent urination,Depression,Mild fever,Fatigue,Itching,Vomiting,Receding gums,Skin infections,Congestion,Numbness,Blisters,Sore that doesn’t heal
Pancreatitis,Blood in stool,Unexplained bleeding,Soreness,Pneumonia,Burning,Nausea,Mild fever,Itching,Vomiting,Diarrhea,Bloating,Tender abdomen,Difficulty thinking,Swelling,Numbness,Shortness of breath,Thickened skin
Osteoporosis,Stooped posture,Aura,Difficulty sleeping,Rapid pulse,Nausea,Unconsciousness,Jaw pain,Unexplained fevers,Reduced appetite,Fatigue,Itching,Irregular heartbeat,Bloating,Bone fractures,Mucus production,Swelling,Gas
Bronchitis,Pneumonia,Nosebleeds,Hard lumps,Increased mucus production,Increased thirst,Belching,Chest discomfort,Vomiting,Diarrhea,Bloating,Bone fractures,Swelling,Tenderness,Irritability,Numbness,Shortness of breath,Sore that doesn’t heal
Alzheimer's Disease,Bowel issues,Swollen joints,Rash,Nausea,Nosebleeds,Misplacing things,Neck stiffness,Withdrawal from work,Vomiting,Diarrhea,Bloating,Bone pain,Tenderness,Irritability,Shortness of breath,Sore that doesn’t heal,Gas
Lupus,Soreness,Pneumonia,Aura,Staring spells,Nausea,Hard lumps,Change in bowel habits,Reduced appetite,Chest discomfort,Diarrhea,Bloating,Swelling,Difficulty swallowing,Tophi,Shortness of breath,Thickened skin,Anemia
Peptic Ulcer,Swollen joints,Bleeding mole,Anemia,Loss of taste,Frequent urination,Itching,Vomiting,Diarrhea,Bloating,Difficulty performing familiar tasks,Mucus production,Difficulty swallowing,Irritability,Numbness,Shortness of breath,Thickened skin,Hunger
Melanoma,Redness,Severe headache,Soreness,Blood in stool,Burning,Staring spells,Nausea,Increased mucus production,Change in existing mole,Chest discomfort,Diarrhea,Difficulty performing familiar tasks,Bloating,Mucus production,Vomiting,Shortness of breath,Sore that doesn’t heal
Stroke,Severe headache,Redness,Inability to defecate,Fear,Nausea,Rapid pulse,Hard lumps,Increased mucus production,Misplacing things,Unconsciousness,Jaw pain,Vomiting,Loss of height,Diarrhea,Difficulty swallowing,Shortness of breath,Anemia
Celiac Disease,Swollen joints,Stooped posture,Throbbing pain,Nausea,Rapid pulse,Frequent urination,Fatigue,Itching,Vomiting,Receding gums,Bloating,Diarrhea,Mucus production,Swelling,Difficulty swallowing,Blisters,Shortness of breath
Diabetes,Redness,Unexplained bleeding,Throbbing pain,Anemia,Frequent urination,Vomiting,Problems with words,Skin infections,Difficulty thinking,Swelling,Diarrhea,Bloating,Irritability,Blisters,Shortness of breath,Thickened skin,Hunger
Diabetes,Soreness,Sneezing,Nosebleeds,Loss of smell,Reduced appetite,Chest discomfort,Slight fever,Loss of height,Skin infections,Swelling,Bloating,Diarrhea,Vomiting,Difficulty swallowing,Shortness of breath,Hunger,Gas
Kidney Stones,Severe headache,Redness,Bleeding mole,Throbbing pain,Nausea,Rapid pulse,Nosebleeds,Frequent urination,Itching,Slight fever,Receding gums,Swelling,Mucus production,Shortness of breath,Thickened skin,Anemia,Sore that doesn’t heal
Peptic Ulcer,Blood in stool,Unexplained bleeding,Stooped posture,Difficulty sleeping,Nausea,Tremor,Loss of smell,Fullness,Itching,Slight fever,Problems with words,Bloating,Swelling,Body aches,Blisters,Shortness of breath,Hunger
Leukemia,Severe headache,Redness,Rash,Nausea,Nosebleeds,Constipation,Loss of smell,Frequent infections,Withdrawal from work,Fatigue,Vomiting,Easy bruising,Diarrhea,Bloating,Bone pain,Swelling,Hunger
Ulcerative Colitis,Redness,Blood in stool,Burning,Rash,Nausea,Increased mucus production,Frequent urination,Unexplained fevers,Vomiting,Loss of height,Diarrhea,Skin infections,Difficulty performing familiar tasks,Bloating,Swelling,Shortness of breath,Hunger
Alzheimer's Disease,Burning,Staring spells,Increased mucus production,Misplacing things,Mild fever,Withdrawal from work,Fatigue,Chest discomfort,Loss of height,Problems with words,Receding gums,Swelling,Bloating,Difficulty swallowing,Numbness,Tophi,Anemia
Celiac Disease,Unexplained bleeding,Soreness,Sneezing,Difficulty sleeping,Increased mucus production,Staring spells,Nosebleeds,Vomiting,Itching,Diarrhea,Receding gums,Bone fractures,Mucus production,Swelling,Change in existing mole,Bloating,Anemia
Epilepsy,Inability to defecate,Fear,Staring spells,Sneezing,Nosebleeds,Increased mucus production,Neck stiffness,Reduced appetite,Vomiting,Itching,Diarrhea,Problems with words,Bone pain,Bone fractures,Change in existing mole,Bloating,Shortness of breath
Lupus,Bleeding mole,Change in bowel habits,Nausea,Misplacing things,Coughing up blood,Neck stiffness,Frequent urination,Belching,Reduced appetite,Change in existing mole,Vomiting,Receding gums,Diarrhea,Bone pain,Swelling,Bloating,Shortness of breath
Common Cold,Severe headache,Swollen joints,Bleeding mole,Fear,Body aches,Rash,Aura,Nausea,Coughing up blood,Unexplained fevers,Change in existing mole,Loss of height,Bloating,Irritability,Numbness,Shortness of breath,Hunger
Appendicitis,Unexplained bleeding,Throbbing pain,Difficulty sleeping,Nausea,Increased mucus production,Constipation,Loss of smell,Fullness,Vomiting,Chest discomfort,Diarrhea,Change in existing mole,Swelling,Difficulty swallowing,Shortness of breath,Thickened skin,Anemia
Psoriasis,Nausea,Nosebleeds,Constipation,Frequent urination,Fullness,Reduced appetite,Fatigue,Itching,Chest discomfort,Problems with words,Receding gums,Loss of height,Diarrhea,Vomiting,Shortness of breath,Hunger,Gas
Eczema,Redness,Body aches,Nausea,Tremor,Nosebleeds,Misplacing things,Constipation,Fullness,Fatigue,Itching,Mouth sores,Bloating,Numbness,Irritability,Difficulty swallowing,Shortness of breath,Gas
Asthma,Inability to defecate,Stooped posture,Nausea,Nosebleeds,Hard lumps,Frequent urination,Increased mucus production,Withdrawal from work,Chest discomfort,Vomiting,Diarrhea,Morning stiffness,Swelling,Bone pain,Shortness of breath,Thickened skin,Hunger
Pancreatitis,Severe headache,Redness,Inability to defecate,Stooped posture,Aura,Rash,Neck stiffness,Reduced appetite,Vomiting,Slight fever,Itching,Bloating,Morning stiffness,Shortness of breath,Irritability,Loss of taste,Anemia
Hepatitis C,Change in bowel habits,Nausea,Misplacing things,Belching,Fatigue,Itching,Change in existing mole,Diarrhea,Difficulty performing familiar tasks,Bloating,Receding gums,Swelling,Vomiting,Stiff joints,Numbness,Hunger,Gas
Leukemia,Throbbing pain,Difficulty sleeping,Nausea,Nosebleeds,Misplacing things,Frequent urination,Loss of smell,Vomiting,Slight fever,Tender abdomen,Bone pain,Swelling,Difficulty swallowing,Tophi,Shortness of breath,Anemia,Sore that doesn’t heal
Heart Disease,Nausea,Nosebleeds,Jaw pain,Fatigue,Anxiety,Vomiting,Loss of height,Problems with words,Itching,Swelling,Change in existing mole,Bloating,Diarrhea,Body aches,Irregular heartbeat,Difficulty swallowing,Shortness of breath
Crohn's Disease,Redness,Bowel issues,Swollen joints,Frequent urination,Loss of smell,Reduced appetite,Itching,Slight fever,Diarrhea,Skin infections,Problems with words,Mucus production,Swelling,Bloating,Vomiting,Blisters,Anemia
Hepatitis C,Redness,Inability to defecate,Soreness,Body aches,Nausea,Constipation,Neck stiffness,Loss of automatic movements,Withdrawal from work,Fatigue,Receding gums,Skin infections,Difficulty performing familiar tasks,Irritability,Difficulty swallowing,Shortness of breath,Swollen lymph nodes
Psoriasis,Redness,Nausea,Nosebleeds,Constipation,Pain during urination,Reduced appetite,Fatigue,Congestion,Diarrhea,Tender abdomen,Difficulty thinking,Bone pain,Swelling,Body aches,Shortness of breath,Hunger,Sore that doesn’t heal
Common Cold,Aura,Sneezing,Nausea,Nosebleeds,Rapid pulse,Pain during urination,Withdrawal from work,Fatigue,Vomiting,Itching,Diarrhea,Morning stiffness,Bone fractures,Swelling,Body aches,Shortness of breath,Hunger
Alzheimer's Disease,Blood in stool,Rash,Nausea,Hard lumps,Misplacing things,Coughing up blood,Constipation,Limited range of motion,Fatigue,Problems with words,Receding gums,Swelling,Diarrhea,Weakness,Irritability,Shortness of breath,Anemia
HIV/AIDS,Rash,Frequent urination,Change in existing mole,Itching,Diarrhea,Receding gums,Swelling,Mucus production,Tenderness,Bloating,Body aches,Vomiting,Difficulty swallowing,Tophi,Shortness of breath,Thickened skin,Anemia
Crohn's Disease,Swollen joints,Staring spells,Rapid pulse,Coughing up blood,Frequent urination,Unconsciousness,Withdrawal from work,Fatigue,Vomiting,Itching,Diarrhea,Shortness of breath,Difficulty thinking,Bone fractures,Congestion,Loss of taste,Anemia
Multiple Sclerosis,Unexplained bleeding,Swollen joints,Burning,Difficulty sleeping,Nausea,Hard lumps,Coughing up blood,Chest discomfort,Itching,Receding gums,Skin infections,Tender abdomen,Bone fractures,Swelling,Vomiting,Blisters,Shortness of breath
Ulcerative Colitis,Blood in stool,Unexplained bleeding,Bleeding mole,Staring spells,Nausea,Hard lumps,Rapid pulse,Pain during urination,Mild fever,Vomiting,Chest discomfort,Diarrhea,Difficulty performing familiar tasks,Problems with words,Itching,Difficulty swallowing,Shortness of breath
Bronchitis,Stooped posture,Fear,Rash,Nausea,Jaw pain,Loss of automatic movements,Unexplained fevers,Fatigue,Itching,Vomiting,Receding gums,Swelling,Mucus production,Tenderness,Difficulty swallowing,Shortness of breath,Thickened skin
Gout,Redness,Swollen joints,Hard lumps,Vomiting,Loss of height,Diarrhea,Problems with words,Difficulty performing familiar tasks,Bloating,Tender abdomen,Receding gums,Itching,Swelling,Tophi,Numbness,Shortness of breath,Tenderness
Anemia,Difficulty walking,Burning,Difficulty sleeping,Sneezing,Increased mucus production,Frequent urination,Chest discomfort,Change in existing mole,Diarrhea,Problems with words,Morning stiffness,Bone pain,Vomiting,Body aches,Blisters,Shortness of breath,Hunger
Ulcerative Colitis,Severe headache,Unexplained bleeding,Staring spells,Rash,Frequent urination,Neck stiffness,Withdrawal from work,Chest discomfort,Itching,Diarrhea,Difficulty performing familiar tasks,Bloating,Bone fractures,Tenderness,Vomiting,Tophi,Blisters
Migraine,Blood in stool,Throbbing pain,Nausea,Constipation,Fatigue,Itching,Vomiting,Diarrhea,Tender abdomen,Swelling,Tenderness,Bloating,Congestion,Mouth sores,Stiff joints,Shortness of breath,Sore that doesn’t heal
Hepatitis B,Blood in stool,Stooped posture,Rash,Nausea,Frequent urination,Unexplained fevers,Withdrawal from work,Chest discomfort,Slight fever,Diarrhea,Difficulty performing familiar tasks,Itching,Bloating,Receding gums,Numbness,Shortness of breath,Gas
Irritable Bowel Syndrome,Swollen joints,Staring spells,Sneezing,Hard lumps,Nausea,Reduced appetite,Vomiting,Chest discomfort,Slight fever,Difficulty performing familiar tasks,Diarrhea,Bloating,Irritability,Difficulty swallowing,Blisters,Thickened skin,Hunger
Rheumatoid Arthritis,Inability to defecate,Unexplained bleeding,Stooped posture,Withdrawal from work,Vomiting,Chest discomfort,Receding gums,Bloating,Morning stiffness,Swelling,Mucus production,Tenderness,Body aches,Diarrhea,Blisters,Shortness of breath,Sore that doesn’t heal
Tuberculosis,Inability to defecate,Pneumonia,Rash,Nausea,Nosebleeds,Tremor,Neck stiffness,Increased thirst,Withdrawal from work,Vomiting,Itching,Diarrhea,Swelling,Tenderness,Shortness of breath,Anemia,Hunger
Cancer,Redness,Unexplained bleeding,Bowel issues,Fear,Rash,Change in bowel habits,Neck stiffness,Unexplained fevers,Itching,Tender abdomen,Bloating,Difficulty walking,Difficulty swallowing,Blisters,Shortness of breath,Thickened skin,Sore that doesn’t heal
Asthma,Bowel issues,Aura,Difficulty sleeping,Nausea,Hard lumps,Increased mucus production,Frequent urination,Tremor,Withdrawal from work,Itching,Vomiting,Diarrhea,Swelling,Mucus production,Tenderness,Numbness,Shortness of breath
Multiple Sclerosis,Redness,Change in bowel habits,Nausea,Frequent urination,Depression,Pain during urination,Withdrawal from work,Fatigue,Chest discomfort,Loss of height,Diarrhea,Skin infections,Difficulty performing familiar tasks,Bloating,Numbness,Hunger,Sore that doesn’t heal
Hepatitis C,Blood in stool,Inability to defecate,Increased thirst,Constipation,Belching,Jaw pain,Pain during urination,Mild fever,Itching,Diarrhea,Swelling,Tenderness,Body aches,Tophi,Shortness of breath,Hunger,Gas
Irritable Bowel Syndrome,Unexplained bleeding,Nausea,Nosebleeds,Coughing up blood,Frequent urination,Pain during urination,Mild fever,Chest discomfort,Loss of height,Diarrhea,Itching,Tenderness,Vomiting,Bloating,Blisters,Shortness of breath,Anemia
Chronic Obstructive Pulmonary Disease,Unexplained bleeding,Stooped posture,Fear,Sneezing,Hard lumps,Nosebleeds,Vomiting,Loss of height,Skin infections,Tender abdomen,Mucus production,Bone fractures,Swelling,Bloating,Difficulty swallowing,Shortness of breath,Gas
Cancer,Unexplained bleeding,Bleeding mole,Rash,Change in bowel habits,Increased mucus production,Nausea,Increased thirst,Unexplained fevers,Chest discomfort,Vomiting,Diarrhea,Tender abdomen,Swelling,Difficulty swallowing,Blisters,Shortness of breath,Sore that doesn’t heal
Migraine,Unexplained bleeding,Nausea,Nosebleeds,Constipation,Frequent urination,Loss of smell,Reduced appetite,Vomiting,Chest discomfort,Itching,Skin infections,Swelling,Bone fractures,Diarrhea,Bloating,Shortness of breath,Anemia
Lymphoma,Blood in stool,Sneezing,Nausea,Constipation,Pain during urination,Fatigue,Vomiting,Slight fever,Itching,Bloating,Swelling,Sensitivity to light,Weakness,Blisters,Shortness of breath,Hunger,Sore that doesn’t heal
Anemia,Blood in stool,Bleeding mole,Throbbing pain,Aura,Nausea,Increased thirst,Coughing up blood,Itching,Change in existing mole,Vomiting,Tender abdomen,Swelling,Numbness,Shortness of breath,Thickened skin,Anemia,Hunger
Eczema,Redness,Blood in stool,Nausea,Rapid pulse,Hard lumps,Loss of smell,Chest discomfort,Vomiting,Loss of height,Tender abdomen,Swelling,Bone pain,Bloating,Body aches,Difficulty swallowing,Thickened skin,Hunger
Bronchitis,Nausea,Hard lumps,Nosebleeds,Frequent urination,Increased thirst,Coughing up blood,Fatigue,Vomiting,Slight fever,Problems with words,Skin infections,Tenderness,Diarrhea,Swelling,Difficulty swallowing,Shortness of breath,Hunger
Kidney Stones,Bowel issues,Anemia,Nosebleeds,Increased mucus production,Frequent urination,Chest discomfort,Loss of height,Receding gums,Diarrhea,Swelling,Bloating,Vomiting,Blisters,Shortness of breath,Thickened skin,Hunger,Gas
COVID-19,Redness,Blood in stool,Inability to defecate,Bleeding mole,Throbbing pain,Burning,Nausea,Neck stiffness,Loss of smell,Vomiting,Shortness of breath,Diarrhea,Tender abdomen,Tophi,Loss of taste,Anemia,Sore that doesn’t heal
Pneumonia,Severe headache,Bowel issues,Swollen joints,Inability to defecate,Throbbing pain,Nausea,Loss of taste,Depression,Chest discomfort,Vomiting,Diarrhea,Problems with words,Tender abdomen,Itching,Swelling,Tophi,Shortness of breath
Lupus,Redness,Blood in stool,Fear,Sneezing,Nausea,Nosebleeds,Increased mucus production,Neck stiffness,Unexplained fevers,Vomiting,Diarrhea,Morning stiffness,Mucus production,Bone fractures,Swelling,Shortness of breath,Gas
Asthma,Inability to defecate,Unexplained bleeding,Swollen joints,Throbbing pain,Nosebleeds,Increased mucus production,Neck stiffness,Chest discomfort,Itching,Vomiting,Bloating,Swelling,Tenderness,Diarrhea,Shortness of breath,Thickened skin,Sore that doesn’t heal
Stroke,Severe headache,Hard lumps,Unexplained fevers,Itching,Chest discomfort,Diarrhea,Difficulty performing familiar tasks,Difficulty thinking,Bloating,Swelling,Tenderness,Body aches,Vomiting,Numbness,Loss of taste,Anemia,Sore that doesn’t heal
Stroke,Severe headache,Redness,Soreness,Bleeding mole,Aura,Nausea,Nosebleeds,Constipation,Vomiting,Diarrhea,Tender abdomen,Bone fractures,Bloating,Shortness of breath,Thickened skin,Sore that doesn’t heal,Gas
Hypertension,Redness,Staring spells,Sneezing,Increased mucus production,Nosebleeds,Loss of smell,Withdrawal from work,Itching,Change in existing mole,Diarrhea,Receding gums,Difficulty thinking,Swelling,Bloating,Vomiting,Difficulty swallowing,Thickened skin
Common Cold,Severe headache,Inability to defecate,Burning,Sneezing,Anemia,Hard lumps,Change in bowel habits,Itching,Chest discomfort,Diarrhea,Difficulty performing familiar tasks,Bone pain,Bloating,Vomiting,Difficulty swallowing,Shortness of breath,Hunger
Hepatitis C,Redness,Swollen joints,Fear,Nausea,Unconsciousness,Frequent infections,Fatigue,Itching,Vomiting,Diarrhea,Difficulty performing familiar tasks,Receding gums,Mucus production,Congestion,Tophi,Shortness of breath,Gas
Asthma,Severe headache,Difficulty sleeping,Nosebleeds,Hard lumps,Increased mucus production,Loss of smell,Vomiting,Slight fever,Itching,Tender abdomen,Bone pain,Swelling,Difficulty swallowing,Shortness of breath,Thickened skin,Anemia,Sore that doesn’t heal
Appendicitis,Hunger,Hard lumps,Nosebleeds,Reduced appetite,Itching,Chest discomfort,Diarrhea,Tender abdomen,Swelling,Bone pain,Bloating,Tenderness,Difficulty walking,Numbness,Loss of taste,Anemia,Sore that doesn’t heal
Migraine,Swollen joints,Stooped posture,Pneumonia,Aura,Nausea,Burning,Increased mucus production,Neck stiffness,Reduced appetite,Vomiting,Itching,Diarrhea,Swelling,Tenderness,Body aches,Numbness,Shortness of breath
Leukemia,Bleeding mole,Nausea,Anemia,Nosebleeds,Constipation,Frequent urination,Unconsciousness,Belching,Unexplained fevers,Itching,Chest discomfort,Diarrhea,Difficulty performing familiar tasks,Bone pain,Vomiting,Numbness,Hunger
Leukemia,Redness,Bowel issues,Stooped posture,Pneumonia,Nausea,Tremor,Nosebleeds,Belching,Frequent infections,Fatigue,Vomiting,Loss of height,Diarrhea,Bone pain,Swelling,Shortness of breath,Gas
Gastritis,Redness,Staring spells,Anemia,Hard lumps,Nosebleeds,Reduced appetite,Vomiting,Itching,Diarrhea,Bloating,Bone pain,Mucus production,Swelling,Tenderness,Difficulty swallowing,Shortness of breath,Hunger
Stroke,Severe headache,Soreness,Increased mucus production,Neck stiffness,Blisters,Vomiting,Itching,Receding gums,Change in existing mole,Bloating,Diarrhea,Swelling,Numbness,Tophi,Shortness of breath,Thickened skin,Anemia
Hypertension,Swollen joints,Pneumonia,Aura,Nausea,Tremor,Nosebleeds,Constipation,Frequent urination,Unconsciousness,Vomiting,Diarrhea,Difficulty performing familiar tasks,Swelling,Difficulty swallowing,Tophi,Thickened skin,Hunger
Stroke,Severe headache,Unexplained bleeding,Bowel issues,Blood in stool,Staring spells,Nausea,Frequent urination,Jaw pain,Blisters,Withdrawal from work,Vomiting,Change in existing mole,Diarrhea,Difficulty swallowing,Tophi,Shortness of breath,Gas
Tuberculosis,Staring spells,Nosebleeds,Withdrawal from work,Itching,Loss of height,Diarrhea,Bloating,Difficulty thinking,Swelling,Tenderness,Vomiting,Body aches,Numbness,Difficulty swallowing,Shortness of breath,Anemia,Sore that doesn’t heal
Tuberculosis,Redness,Throbbing pain,Nausea,Tremor,Coughing up blood,Jaw pain,Loss of automatic movements,Fatigue,Vomiting,Chest discomfort,Diarrhea,Bloating,Bone pain,Anxiety,Numbness,Shortness of breath,Thickened skin
Epilepsy,Inability to defecate,Pneumonia,Nausea,Misplacing things,Unexplained fevers,Butterfly-shaped rash,Fatigue,Vomiting,Itching,Receding gums,Bloating,Swelling,Irregular heartbeat,Congestion,Shortness of breath,Hunger,Sore that doesn’t heal
Influenza,Redness,Stooped posture,Sneezing,Change in bowel habits,Nosebleeds,Unexplained fevers,Chest discomfort,Itching,Diarrhea,Tender abdomen,Bloating,Vomiting,Shortness of breath,Difficulty swallowing,Loss of taste,Hunger,Sore that doesn’t heal
Kidney Stones,Redness,Bowel issues,Staring spells,Rash,Increased mucus production,Nosebleeds,Frequent urination,Hard lumps,Reduced appetite,Vomiting,Itching,Diarrhea,Bloating,Numbness,Difficulty swallowing,Shortness of breath,Thickened skin
Bronchitis,Soreness,Chest pain,Nausea,Increased mucus production,Constipation,Loss of smell,Jaw pain,Fatigue,Itching,Diarrhea,Tenderness,Persistent cough,Pigment spread,Numbness,Shortness of breath,Lump or swelling,Swollen lymph nodes
Irritable Bowel Syndrome,Unexplained bleeding,Soreness,Difficulty sleeping,Increased mucus production,Frequent urination,Loss of smell,Chest discomfort,Vomiting,Diarrhea,Bloating,Bone pain,Swelling,Numbness,Shortness of breath,Anemia,Hunger,Gas
Gastritis,Difficulty sleeping,Nausea,Tremor,Increased thirst,Rapid pulse,Loss of smell,Belching,Jaw pain,Frequent infections,Pain during urination,Vomiting,Fatigue,Tender abdomen,Bloating,Irritability,Shortness of breath,Gas
Eczema,Redness,Sneezing,Nosebleeds,Frequent urination,Itching,Slight fever,Diarrhea,Difficulty performing familiar tasks,Morning stiffness,Mucus production,Bone pain,Tenderness,Bloating,Vomiting,Numbness,Shortness of breath,Thickened skin
Multiple Sclerosis,Inability to defecate,Bowel issues,Blood in stool,Bleeding mole,Neck stiffness,Blisters,Vomiting,Loss of height,Diarrhea,Tender abdomen,Bone fractures,Swelling,Difficulty swallowing,Numbness,Tophi,Shortness of breath,Thickened skin
Lymphoma,Inability to defecate,Difficulty sleeping,Nausea,Increased thirst,Unexplained fevers,Vomiting,Itching,Diarrhea,Tender abdomen,Morning stiffness,Loss of height,Bone fractures,Swelling,Body aches,Numbness,Thickened skin,Hunger
Rheumatoid Arthritis,Unexplained bleeding,Swollen joints,Aura,Nausea,Hard lumps,Increased thirst,Itching,Change in existing mole,Diarrhea,Difficulty performing familiar tasks,Morning stiffness,Difficulty thinking,Bone fractures,Bloating,Loss of taste,Hunger,Sore that doesn’t heal
Ulcerative Colitis,Severe headache,Unexplained bleeding,Inability to defecate,Difficulty sleeping,Constipation,Frequent urination,Loss of automatic movements,Fatigue,Vomiting,Congestion,Diarrhea,Skin infections,Receding gums,Swelling,Irregular heartbeat,Blisters,Hunger
Hypertension,Redness,Swollen joints,Pneumonia,Burning,Staring spells,Nausea,Constipation,Frequent urination,Depression,Withdrawal from work,Fatigue,Irregular heartbeat,Slight fever,Swelling,Tenderness,Shortness of breath,Thickened skin
Anemia,Inability to defecate,Nausea,Constipation,Belching,Loss of smell,Fatigue,Vomiting,Irregular heartbeat,Problems with words,Tender abdomen,Bloating,Swelling,Diarrhea,Writing changes,Weakness,Sensitivity to light,Shortness of breath
Lupus,Fear,Change in bowel habits,Nausea,Misplacing things,Loss of taste,Coughing up blood,Vomiting,Diarrhea,Difficulty performing familiar tasks,Bone pain,Mucus production,Swelling,Bloating,Difficulty walking,Shortness of breath,Thickened skin,Anemia
Rheumatoid Arthritis,Redness,Swollen joints,Inability to defecate,Loss of smell,Withdrawal from work,Chest discomfort,Vomiting,Change in existing mole,Bloating,Morning stiffness,Swelling,Tenderness,Diarrhea,Irritability,Difficulty swallowing,Tophi,Shortness of breath
Hepatitis B,Redness,Swollen joints,Pneumonia,Nausea,Nosebleeds,Withdrawal from work,Vomiting,Chest discomfort,Problems with words,Tender abdomen,Loss of height,Itching,Bloating,Difficulty swallowing,Shortness of breath,Thickened skin,Gas
Pancreatitis,Difficulty sleeping,Nausea,Nosebleeds,Increased mucus production,Rapid pulse,Pain during urination,Fatigue,Itching,Vomiting,Diarrhea,Tender abdomen,Bloating,Bone pain,Mouth sores,Weakness,Bladder issues,Numbness
Irritable Bowel Syndrome,Severe headache,Inability to defecate,Soreness,Bleeding mole,Nausea,Nosebleeds,Constipation,Fatigue,Vomiting,Slight fever,Diarrhea,Bloating,Receding gums,Swelling,Hunger,Sore that doesn’t heal,Gas
Ulcerative Colitis,Redness,Blood in stool,Inability to defecate,Nausea,Increased mucus production,Pain during urination,Reduced appetite,Fatigue,Itching,Change in existing mole,Diarrhea,Problems with words,Bone fractures,Swelling,Bloating,Shortness of breath,Hunger
Chronic Obstructive Pulmonary Disease,Redness,Unexplained bleeding,Blood in stool,Bleeding mole,Nausea,Hard lumps,Frequent urination,Vomiting,Itching,Diarrhea,Bloating,Bone pain,Receding gums,Swelling,Difficulty swallowing,Shortness of breath,Gas
Leukemia,Sneezing,Nosebleeds,Neck stiffness,Loss of smell,Frequent urination,Withdrawal from work,Itching,Change in existing mole,Receding gums,Bloating,Bone pain,Swelling,Tenderness,Diarrhea,Vomiting,Numbness,Difficulty swallowing
Chronic Obstructive Pulmonary Disease,Severe headache,Redness,Pale skin,Throbbing pain,Aura,Nausea,Hard lumps,Constipation,Neck stiffness,Unconsciousness,Fatigue,Vomiting,Diarrhea,Bloating,Bone fractures,Mucus production,Shortness of breath
Anemia,Redness,Stooped posture,Fear,Sneezing,Nosebleeds,Reduced appetite,Problems with words,Bloating,Difficulty thinking,Mucus production,Receding gums,Swelling,Irritability,Diarrhea,Difficulty swallowing,Shortness of breath,Gas
Lupus,Severe headache,Bowel issues,Inability to defecate,Throbbing pain,Burning,Frequent urination,Reduced appetite,Vomiting,Loss of height,Diarrhea,Bloating,Bone pain,Bone fractures,Swelling,Numbness,Shortness of breath,Sore that doesn’t heal
Hypertension,Throbbing pain,Staring spells,Nausea,Increased mucus production,Nosebleeds,Neck stiffness,Withdrawal from work,Vomiting,Loss of height,Itching,Skin infections,Bone fractures,Bloating,Diarrhea,Difficulty swallowing,Shortness of breath,Anemia
Epilepsy,Fear,Burning,Staring spells,Aura,Nausea,Unconsciousness,Fatigue,Chest discomfort,Vomiting,Diarrhea,Anxiety,Bone fractures,Irregular heartbeat,Stiff joints,Shortness of breath,Seizures,Gas
Kidney Stones,Inability to defecate,Unexplained bleeding,Swollen joints,Bleeding mole,Nausea,Rapid pulse,Frequent urination,Belching,Pain during urination,Vomiting,Slight fever,Diarrhea,Itching,Bone pain,Loss of height,Numbness,Shortness of breath
Pancreatitis,Redness,Bleeding mole,Nausea,Rapid pulse,Constipation,Mild fever,Withdrawal from work,Fatigue,Vomiting,Diarrhea,Bloating,Tender abdomen,Difficulty performing familiar tasks,Swelling,Stiff joints,Blisters,Gas
Diabetes,Severe headache,Inability to defecate,Blood in stool,Bleeding mole,Difficulty sleeping,Hard lumps,Nosebleeds,Frequent urination,Vomiting,Itching,Diarrhea,Swelling,Bone fractures,Numbness,Blisters,Shortness of breath,Hunger
Osteoporosis,Severe headache,Swollen joints,Body aches,Nausea,Constipation,Frequent urination,Unconsciousness,Unexplained fevers,Fullness,Vomiting,Change in existing mole,Diarrhea,Swelling,Tenderness,Irritability,Shortness of breath,Hunger
Appendicitis,Inability to defecate,Nausea,Constipation,Frequent urination,Loss of smell,Unconsciousness,Unexplained fevers,Jaw pain,Chest discomfort,Vomiting,Diarrhea,Loss of height,Swelling,Bone fractures,Itching,Change in existing mole,Body aches
Osteoporosis,Unexplained bleeding,Stooped posture,Staring spells,Nausea,Constipation,Reduced appetite,Fatigue,Vomiting,Itching,Diarrhea,Tender abdomen,Bone fractures,Morning stiffness,Bone pain,Swelling,Bloating,Weakness
Kidney Stones,Throbbing pain,Sneezing,Rash,Nosebleeds,Nausea,Frequent urination,Increased thirst,Unconsciousness,Pain during urination,Vomiting,Loss of height,Diarrhea,Bloating,Irritability,Tophi,Shortness of breath,Anemia
Peptic Ulcer,Nausea,Change in bowel habits,Constipation,Frequent urination,Loss of smell,Unconsciousness,Fullness,Reduced appetite,Chest discomfort,Vomiting,Diarrhea,Bone pain,Bone fractures,Swelling,Difficulty walking,Shortness of breath,Thickened skin
Appendicitis,Redness,Unexplained bleeding,Pneumonia,Difficulty sleeping,Sneezing,Nosebleeds,Anemia,Nausea,Vomiting,Shortness of breath,Diarrhea,Bloating,Swelling,Morning stiffness,Irritability,Loss of taste,Hunger
Rheumatoid Arthritis,Unexplained bleeding,Soreness,Fear,Nausea,Loss of taste,Frequent urination,Coughing up blood,Loss of automatic movements,Mild fever,Vomiting,Loss of height,Diarrhea,Tender abdomen,Swelling,Morning stiffness,Shortness of breath,Hunger
Pneumonia,Redness,Soreness,Stooped posture,Nausea,Nosebleeds,Misplacing things,Frequent urination,Constipation,Unexplained fevers,Chest discomfort,Diarrhea,Bloating,Difficulty thinking,Swelling,Tenderness,Shortness of breath,Anemia
Alzheimer's Disease,Redness,Swollen joints,Throbbing pain,Neck stiffness,Withdrawal from work,Itching,Vomiting,Diarrhea,Difficulty performing familiar tasks,Difficulty thinking,Mucus production,Bone pain,Swelling,Difficulty walking,Shortness of breath,Thickened skin,Anemia
Tuberculosis,Difficulty sleeping,Nausea,Increased mucus production,Constipation,Frequent urination,Vomiting,Chest discomfort,Receding gums,Bloating,Bone pain,Swelling,Numbness,Difficulty swallowing,Tophi,Shortness of breath,Thickened skin,Anemia
Heart Disease,Blood in stool,Bowel issues,Nausea,Constipation,Jaw pain,Fatigue,Itching,Irregular heartbeat,Diarrhea,Bloating,Swelling,Weakness,Difficulty swallowing,Numbness,Shortness of breath,Thickened skin,Gas
Gout,Redness,Blood in stool,Inability to defecate,Bleeding mole,Nausea,Rapid pulse,Increased mucus production,Hard lumps,Constipation,Vomiting,Slight fever,Diarrhea,Bloating,Swelling,Tophi,Shortness of breath,Hunger
Crohn's Disease,Unexplained bleeding,Swollen joints,Staring spells,Difficulty sleeping,Frequent urination,Unexplained fevers,Change in existing mole,Diarrhea,Bone fractures,Swelling,Tenderness,Irritability,Numbness,Blisters,Shortness of breath,Thickened skin,Anemia
Parkinson's Disease,Inability to defecate,Difficulty sleeping,Nausea,Rapid pulse,Misplacing things,Blisters,Change in existing mole,Loss of height,Vomiting,Bloating,Morning stiffness,Bone fractures,Swelling,Diarrhea,Difficulty swallowing,Tophi,Shortness of breath
Alzheimer's Disease,Inability to defecate,Bowel issues,Staring spells,Difficulty sleeping,Hard lumps,Loss of smell,Vomiting,Loss of height,Problems with words,Receding gums,Difficulty thinking,Diarrhea,Bloating,Numbness,Shortness of breath,Anemia,Sore that doesn’t heal
Tuberculosis,Soreness,Fear,Stooped posture,Staring spells,Pneumonia,Burning,Change in bowel habits,Nausea,Increased thirst,Vomiting,Tender abdomen,Tenderness,Mucus production,Bloating,Numbness,Shortness of breath,Hunger
Osteoporosis,Difficulty sleeping,Nosebleeds,Loss of smell,Reduced appetite,Chest discomfort,Loss of height,Receding gums,Skin infections,Diarrhea,Itching,Tender abdomen,Swelling,Vomiting,Bloating,Thickened skin,Hunger,Sore that doesn’t heal
Epilepsy,Redness,Swollen joints,Fear,Pneumonia,Staring spells,Throbbing pain,Nosebleeds,Hard lumps,Frequent urination,Nausea,Vomiting,Difficulty performing familiar tasks,Bone fractures,Swelling,Bloating,Hunger,Sore that doesn’t heal
Lymphoma,Inability to defecate,Swollen joints,Bleeding mole,Rash,Nausea,Nosebleeds,Loss of taste,Frequent urination,Misplacing things,Itching,Vomiting,Diarrhea,Tender abdomen,Bloating,Swelling,Shortness of breath,Hunger
Multiple Sclerosis,Redness,Bowel issues,Difficulty sleeping,Sneezing,Nosebleeds,Hard lumps,Frequent urination,Neck stiffness,Chest discomfort,Slight fever,Itching,Diarrhea,Bone fractures,Swelling,Numbness,Shortness of breath,Hunger
Osteoporosis,Bowel issues,Stooped posture,Nosebleeds,Increased mucus production,Chest discomfort,Loss of height,Vomiting,Tender abdomen,Morning stiffness,Swelling,Bloating,Body aches,Numbness,Shortness of breath,Hunger,Sore that doesn’t heal,Gas
Pancreatitis,Inability to defecate,Swollen joints,Soreness,Sneezing,Nausea,Nosebleeds,Increased thirst,Constipation,Depression,Chest discomfort,Itching,Loss of height,Tender abdomen,Difficulty performing familiar tasks,Morning stiffness,Swelling,Anemia
Lymphoma,Severe headache,Unexplained bleeding,Swollen joints,Bowel issues,Inability to defecate,Unexplained fevers,Itching,Vomiting,Slight fever,Receding gums,Bone pain,Bone fractures,Swelling,Loss of taste,Thickened skin,Anemia,Gas
Tuberculosis,Soreness,Stooped posture,Burning,Sneezing,Difficulty sleeping,Hard lumps,Nausea,Neck stiffness,Tremor,Coughing up blood,Change in existing mole,Vomiting,Diarrhea,Bloating,Difficulty thinking,Tophi,Shortness of breath
Multiple Sclerosis,Swollen joints,Fear,Nausea,Nosebleeds,Increased mucus production,Misplacing things,Loss of smell,Withdrawal from work,Vomiting,Chest discomfort,Itching,Difficulty performing familiar tasks,Swelling,Diarrhea,Irritability,Blisters,Shortness of breath
Lymphoma,Inability to defecate,Change in bowel habits,Nausea,Nosebleeds,Increased mucus production,Frequent urination,Increased thirst,Constipation,Fatigue,Itching,Writing changes,Diarrhea,Bloating,Swelling,Tender abdomen,Weakness,Shortness of breath
Eczema,Redness,Bowel issues,Soreness,Hard lumps,Nosebleeds,Frequent urination,Loss of smell,Reduced appetite,Itching,Vomiting,Receding gums,Tender abdomen,Swelling,Diarrhea,Bloating,Difficulty swallowing,Tophi
Crohn's Disease,Redness,Sneezing,Rash,Frequent urination,Loss of smell,Reduced appetite,Vomiting,Diarrhea,Difficulty performing familiar tasks,Swelling,Mucus production,Bloating,Numbness,Difficulty swallowing,Shortness of breath,Anemia,Hunger
Irritable Bowel Syndrome,Stooped posture,Burning,Difficulty sleeping,Nausea,Increased mucus production,Frequent urination,Fatigue,Chest discomfort,Loss of height,Diarrhea,Difficulty performing familiar tasks,Shortness of breath,Body aches,Redness in joints,Loss of taste,Hunger,Gas
Stroke,Severe headache,Redness,Staring spells,Nausea,Rapid pulse,Coughing up blood,Belching,Mild fever,Fatigue,Slight fever,Diarrhea,Bloating,Tender abdomen,Swelling,Difficulty swallowing,Shortness of breath,Gas
Influenza,Severe headache,Headache,Nausea,Increased mucus production,Neck stiffness,Unexplained fevers,Withdrawal from work,Fatigue,Chest discomfort,Problems with words,Tender abdomen,Bone fractures,Receding gums,Swelling,Tenderness,Diarrhea,Difficulty swallowing
Common Cold,Burning,Difficulty sleeping,Sneezing,Nausea,Constipation,Depression,Mild fever,Fatigue,Itching,Congestion,Diarrhea,Bloating,Weakness,Body aches,Shortness of breath,Anemia,Hunger
Pneumonia,Unexplained bleeding,Throbbing pain,Sneezing,Nausea,Loss of taste,Frequent urination,Constipation,Unconsciousness,Unexplained fevers,Depression,Fatigue,Diarrhea,Bloating,Swelling,Shortness of breath,Hunger,Sore that doesn’t heal
Lupus,Redness,Soreness,Nausea,Nosebleeds,Loss of smell,Pain during urination,Reduced appetite,Fatigue,Chest discomfort,Vomiting,Diarrhea,Receding gums,Congestion,Weakness,Shortness of breath,Sore that doesn’t heal,Gas
Psoriasis,Swollen joints,Burning,Nausea,Rapid pulse,Nosebleeds,Frequent urination,Neck stiffness,Belching,Butterfly-shaped rash,Reduced appetite,Itching,Vomiting,Bone fractures,Difficulty swallowing,Numbness,Loss of taste,Gas
Influenza,Fear,Burning,Rash,Nausea,Rapid pulse,Misplacing things,Frequent urination,Coughing up blood,Reduced appetite,Chest discomfort,Vomiting,Diarrhea,Problems with words,Bloating,Swelling,Thickened skin,Hunger
Appendicitis,Bowel issues,Soreness,Bleeding mole,Throbbing pain,Rash,Nausea,Hard lumps,Tremor,Constipation,Jaw pain,Reduced appetite,Vomiting,Loss of height,Diarrhea,Swelling,Shortness of breath,Sore that doesn’t heal
Asthma,Unexplained bleeding,Soreness,Pneumonia,Difficulty sleeping,Nausea,Frequent urination,Loss of smell,Loss of automatic movements,Mild fever,Vomiting,Diarrhea,Problems with words,Bloating,Difficulty swallowing,Blisters,Shortness of breath,Hunger
Hypertension,Inability to defecate,Burning,Rash,Nausea,Nosebleeds,Frequent urination,Loss of smell,Jaw pain,Reduced appetite,Vomiting,Skin infections,Swelling,Tenderness,Bloating,Difficulty swallowing,Shortness of breath,Anemia
Gout,Nausea,Increased mucus production,Nosebleeds,Hard lumps,Unconsciousness,Loss of automatic movements,Frequent infections,Fatigue,Itching,Chest discomfort,Change in existing mole,Skin infections,Swelling,Numbness,Irritability,Tophi,Blisters
Lymphoma,Redness,Nausea,Hard lumps,Increased mucus production,Frequent urination,Itching,Vomiting,Problems with words,Receding gums,Difficulty thinking,Diarrhea,Bloating,Numbness,Body aches,Difficulty swallowing,Blisters,Shortness of breath
Epilepsy,Fear,Staring spells,Sneezing,Nausea,Frequent urination,Mild fever,Reduced appetite,Vomiting,Itching,Receding gums,Bloating,Bone fractures,Diarrhea,Irritability,Blisters,Shortness of breath,Anemia
Diabetes,Bowel issues,Anemia,Increased mucus production,Neck stiffness,Frequent urination,Withdrawal from work,Vomiting,Slight fever,Itching,Tender abdomen,Difficulty thinking,Tenderness,Irritability,Body aches,Difficulty swallowing,Shortness of breath,Hunger
Stroke,Severe headache,Unexplained bleeding,Blood in stool,Rash,Change in bowel habits,Nosebleeds,Nausea,Frequent urination,Coughing up blood,Itching,Vomiting,Tender abdomen,Bloating,Mucus production,Irritability,Shortness of breath,Hunger
Irritable Bowel Syndrome,Redness,Swollen joints,Burning,Nausea,Neck stiffness,Loss of smell,Chest discomfort,Vomiting,Diarrhea,Bloating,Problems with words,Mucus production,Swelling,Tender abdomen,Shortness of breath,Anemia,Hunger
Asthma,Unexplained bleeding,Bleeding mole,Difficulty sleeping,Nausea,Increased mucus production,Belching,Loss of smell,Butterfly-shaped rash,Fatigue,Chest discomfort,Diarrhea,Tender abdomen,Bone fractures,Blisters,Shortness of breath,Thickened skin,Sore that doesn’t heal
COVID-19,Redness,Bleeding mole,Burning,Unexplained fevers,Change in existing mole,Chest discomfort,Diarrhea,Problems with words,Morning stiffness,Swelling,Bloating,Shortness of breath,Body aches,Blisters,Loss of taste,Anemia,Gas
Peptic Ulcer,Fear,Throbbing pain,Sneezing,Nausea,Nosebleeds,Rapid pulse,Jaw pain,Fullness,Mild fever,Fatigue,Vomiting,Itching,Writing changes,Bloating,Numbness,Thickened skin,Sore that doesn’t heal
Rheumatoid Arthritis,Bleeding mole,Difficulty sleeping,Change in bowel habits,Nausea,Frequent urination,Pain during urination,Fullness,Reduced appetite,Itching,Vomiting,Problems with words,Diarrhea,Swelling,Bloating,Difficulty walking,Numbness,Shortness of breath
Ulcerative Colitis,Blood in stool,Inability to defecate,Fear,Burning,Nausea,Nosebleeds,Increased thirst,Frequent urination,Constipation,Withdrawal from work,Itching,Diarrhea,Difficulty performing familiar tasks,Receding gums,Swelling,Shortness of breath,Hunger
Heart Disease,Aura,Nausea,Hard lumps,Constipation,Neck stiffness,Loss of smell,Jaw pain,Vomiting,Change in existing mole,Diarrhea,Bloating,Morning stiffness,Difficulty swallowing,Tophi,Shortness of breath,Thickened skin,Gas
Asthma,Redness,Fear,Difficulty sleeping,Nausea,Increased mucus production,Tremor,Neck stiffness,Increased thirst,Vomiting,Loss of height,Problems with words,Diarrhea,Difficulty thinking,Bone fractures,Difficulty swallowing,Shortness of breath,Sore that doesn’t heal
Common Cold,Redness,Soreness,Sneezing,Rash,Neck stiffness,Chest discomfort,Vomiting,Diarrhea,Skin infections,Problems with words,Difficulty thinking,Swelling,Itching,Body aches,Difficulty swallowing,Shortness of breath,Sore that doesn’t heal
Gout,Redness,Change in bowel habits,Increased mucus production,Reduced appetite,Chest discomfort,Vomiting,Slight fever,Difficulty performing familiar tasks,Swelling,Difficulty thinking,Tender abdomen,Loss of height,Change in existing mole,Tenderness,Diarrhea,Shortness of breath,Gas
Psoriasis,Swollen joints,Soreness,Bleeding mole,Burning,Staring spells,Nausea,Hard lumps,Frequent urination,Neck stiffness,Chest discomfort,Slight fever,Change in existing mole,Bloating,Swelling,Mucus production,Vomiting,Shortness of breath
Hepatitis C,Bleeding mole,Fear,Difficulty sleeping,Nausea,Nosebleeds,Increased mucus production,Neck stiffness,Rapid pulse,Unexplained fevers,Chest discomfort,Vomiting,Diarrhea,Change in existing mole,Tophi,Shortness of breath,Anemia,Hunger
Osteoporosis,Inability to defecate,Stooped posture,Sneezing,Hard lumps,Reduced appetite,Change in existing mole,Loss of height,Vomiting,Diarrhea,Bone fractures,Swelling,Tenderness,Difficulty swallowing,Blisters,Shortness of breath,Hunger,Sore that doesn’t heal
Heart Disease,Swollen joints,Fear,Staring spells,Difficulty sleeping,Nausea,Misplacing things,Frequent urination,Neck stiffness,Constipation,Reduced appetite,Chest discomfort,Change in existing mole,Diarrhea,Bloating,Irritability,Shortness of breath,Hunger
Migraine,Inability to defecate,Bowel issues,Stooped posture,Throbbing pain,Difficulty sleeping,Loss of taste,Neck stiffness,Itching,Chest discomfort,Loss of height,Bloating,Diarrhea,Mucus production,Vomiting,Shortness of breath,Thickened skin,Hunger
Appendicitis,Redness,Unexplained bleeding,Nausea,Constipation,Neck stiffness,Belching,Jaw pain,Fullness,Fatigue,Vomiting,Diarrhea,Problems with words,Swelling,Mucus production,Difficulty swallowing,Numbness,Shortness of breath
Chronic Obstructive Pulmonary Disease,Pneumonia,Throbbing pain,Nausea,Burning,Nosebleeds,Constipation,Fatigue,Vomiting,Itching,Congestion,Bloating,Bone pain,Swelling,Irregular heartbeat,Bladder issues,Blisters,Shortness of breath
Lymphoma,Severe headache,Bleeding mole,Fear,Throbbing pain,Reduced appetite,Chest discomfort,Itching,Vomiting,Bloating,Difficulty thinking,Morning stiffness,Bone fractures,Tenderness,Irritability,Diarrhea,Blisters,Shortness of breath
Parkinson's Disease,Redness,Bowel issues,Bleeding mole,Nausea,Tremor,Misplacing things,Constipation,Vomiting,Slight fever,Diarrhea,Skin infections,Bloating,Tender abdomen,Difficulty swallowing,Numbness,Shortness of breath,Anemia
Osteoporosis,Redness,Soreness,Burning,Staring spells,Nausea,Hard lumps,Coughing up blood,Reduced appetite,Itching,Loss of height,Receding gums,Bloating,Swelling,Vomiting,Diarrhea,Shortness of breath,Gas
Heart Disease,Severe headache,Swollen joints,Nausea,Tremor,Hard lumps,Nosebleeds,Constipation,Chest discomfort,Vomiting,Diarrhea,Itching,Difficulty thinking,Morning stiffness,Bloating,Blisters,Shortness of breath,Sore that doesn’t heal
Lupus,Inability to defecate,Unexplained bleeding,Fear,Body aches,Difficulty sleeping,Nausea,Nosebleeds,Jaw pain,Butterfly-shaped rash,Mild fever,Fatigue,Vomiting,Diarrhea,Bloating,Irritability,Difficulty swallowing,Shortness of breath
Tuberculosis,Severe headache,Pneumonia,Difficulty sleeping,Rash,Change in bowel habits,Unconsciousness,Frequent infections,Fatigue,Vomiting,Slight fever,Loss of height,Difficulty performing familiar tasks,Morning stiffness,Bloating,Diarrhea,Congestion,Shortness of breath
Hepatitis B,Inability to defecate,Swollen joints,Stooped posture,Nausea,Nosebleeds,Increased mucus production,Increased thirst,Fatigue,Itching,Vomiting,Diarrhea,Skin infections,Bloating,Mucus production,Numbness,Shortness of breath,Hunger
Anemia,Redness,Swollen joints,Soreness,Throbbing pain,Burning,Rapid pulse,Increased mucus production,Frequent urination,Loss of smell,Frequent infections,Fatigue,Chest discomfort,Vomiting,Change in existing mole,Morning stiffness,Shortness of breath,Sore that doesn’t heal
Celiac Disease,Severe headache,Bowel issues,Nausea,Tremor,Rapid pulse,Loss of smell,Loss of automatic movements,Vomiting,Slight fever,Diarrhea,Bloating,Bone pain,Mucus production,Bone fractures,Difficulty swallowing,Shortness of breath,Anemia
Gout,Redness,Aura,Staring spells,Nausea,Hard lumps,Rapid pulse,Constipation,Loss of smell,Fatigue,Easy bruising,Itching,Diarrhea,Bloating,Swelling,Weakness,Tophi,Hunger
Diabetes,Redness,Swollen joints,Stooped posture,Hard lumps,Frequent urination,Chest discomfort,Itching,Diarrhea,Skin infections,Swelling,Bloating,Irritability,Numbness,Blisters,Shortness of breath,Hunger,Gas
Multiple Sclerosis,Bowel issues,Soreness,Staring spells,Difficulty sleeping,Hard lumps,Nausea,Constipation,Belching,Itching,Vomiting,Diarrhea,Swelling,Difficulty swallowing,Difficulty walking,Numbness,Shortness of breath,Sore that doesn’t heal
Gout,Redness,Bowel issues,Bleeding mole,Pneumonia,Increased mucus production,Hard lumps,Loss of taste,Vomiting,Tender abdomen,Swelling,Morning stiffness,Bloating,Numbness,Difficulty swallowing,Tophi,Shortness of breath,Gas
Psoriasis,Redness,Soreness,Nausea,Increased mucus production,Belching,Loss of smell,Pain during urination,Butterfly-shaped rash,Fatigue,Fullness,Vomiting,Mouth sores,Diarrhea,Difficulty swallowing,Shortness of breath,Hunger,Gas
HIV/AIDS,Swollen joints,Pneumonia,Rash,Unexplained fevers,Vomiting,Chest discomfort,Diarrhea,Skin infections,Problems with words,Swelling,Bloating,Receding gums,Itching,Tenderness,Tophi,Shortness of breath,Hunger
Kidney Stones,Redness,Swollen joints,Staring spells,Nausea,Nosebleeds,Misplacing things,Frequent urination,Neck stiffness,Withdrawal from work,Vomiting,Itching,Diarrhea,Skin infections,Swelling,Difficulty swallowing,Shortness of breath,Hunger
Melanoma,Redness,Swollen joints,Staring spells,Nausea,Nosebleeds,Tremor,Constipation,Fatigue,Itching,Change in existing mole,Diarrhea,Vomiting,Swelling,Irregular heartbeat,Mouth sores,Shortness of breath,Hunger
Osteoporosis,Redness,Blood in stool,Stooped posture,Change in bowel habits,Nausea,Rapid pulse,Frequent urination,Loss of smell,Belching,Vomiting,Loss of height,Diarrhea,Tender abdomen,Swelling,Tenderness,Bloating,Shortness of breath
Melanoma,Blood in stool,Bleeding mole,Nausea,Misplacing things,Butterfly-shaped rash,Reduced appetite,Fatigue,Itching,Change in existing mole,Diarrhea,Numbness,Swelling,Tenderness,Difficulty swallowing,Shortness of breath,Thickened skin,Pigment spread
Hepatitis B,Severe headache,Swollen joints,Stooped posture,Rapid pulse,Nausea,Hard lumps,Nosebleeds,Frequent urination,Constipation,Reduced appetite,Itching,Diarrhea,Bloating,Bone fractures,Tenderness,Blisters,Sore that doesn’t heal
Rheumatoid Arthritis,Unexplained bleeding,Bowel issues,Stooped posture,Burning,Nausea,Nosebleeds,Increased mucus production,Vomiting,Chest discomfort,Diarrhea,Loss of height,Swelling,Itching,Tenderness,Bloating,Irritability,Shortness of breath
Asthma,Severe headache,Inability to defecate,Blood in stool,Difficulty sleeping,Hard lumps,Increased mucus production,Vomiting,Shortness of breath,Diarrhea,Receding gums,Bone pain,Mucus production,Swelling,Bloating,Difficulty swallowing,Loss of taste,Gas
Kidney Stones,Blood in stool,Fear,Burning,Nausea,Increased thirst,Pain during urination,Unexplained fevers,Itching,Chest discomfort,Vomiting,Bloating,Swelling,Mucus production,Diarrhea,Shortness of breath,Hunger,Gas
Psoriasis,Severe headache,Swollen joints,Inability to defecate,Stooped posture,Burning,Difficulty sleeping,Throbbing pain,Nausea,Coughing up blood,Frequent urination,Itching,Vomiting,Receding gums,Swelling,Difficulty swallowing,Shortness of breath,Hunger
Appendicitis,Rash,Nausea,Nosebleeds,Increased mucus production,Rapid pulse,Constipation,Fatigue,Vomiting,Slight fever,Diarrhea,Itching,Swelling,Bloating,Anxiety,Numbness,Shortness of breath,Limited range of motion
Asthma,Inability to defecate,Bleeding mole,Change in bowel habits,Nausea,Rapid pulse,Constipation,Unconsciousness,Jaw pain,Frequent infections,Unexplained fevers,Vomiting,Slight fever,Diarrhea,Itching,Bloating,Difficulty swallowing,Shortness of breath
Diabetes,Stooped posture,Rash,Anemia,Increased mucus production,Neck stiffness,Pain during urination,Fatigue,Irregular heartbeat,Diarrhea,Skin infections,Receding gums,Swelling,Bloating,Irritability,Numbness,Shortness of breath,Hunger
Hepatitis C,Severe headache,Unexplained bleeding,Bowel issues,Fear,Inability to defecate,Throbbing pain,Burning,Nausea,Neck stiffness,Frequent infections,Vomiting,Itching,Skin infections,Difficulty thinking,Shortness of breath,Thickened skin,Gas
Hepatitis B,Blood in stool,Swollen joints,Staring spells,Nausea,Nosebleeds,Loss of smell,Fatigue,Chest discomfort,Vomiting,Change in existing mole,Skin infections,Swelling,Mucus production,Diarrhea,Bloating,Shortness of breath,Sore that doesn’t heal
Multiple Sclerosis,Inability to defecate,Blood in stool,Soreness,Nausea,Tremor,Hard lumps,Frequent urination,Itching,Vomiting,Diarrhea,Difficulty performing familiar tasks,Bone pain,Tenderness,Bloating,Shortness of breath,Anemia,Sore that doesn’t heal
Eczema,Redness,Swollen joints,Inability to defecate,Change in bowel habits,Nausea,Hard lumps,Loss of smell,Reduced appetite,Itching,Chest discomfort,Vomiting,Bloating,Swelling,Tenderness,Difficulty swallowing,Tophi,Shortness of breath
Psoriasis,Swollen joints,Soreness,Fear,Unexplained bleeding,Difficulty sleeping,Reduced appetite,Chest discomfort,Slight fever,Diarrhea,Difficulty performing familiar tasks,Swelling,Itching,Bloating,Body aches,Difficulty swallowing,Thickened skin,Anemia
COVID-19,Severe headache,Bowel issues,Redness,Fear,Nosebleeds,Hard lumps,Loss of smell,Blisters,Vomiting,Loss of height,Diarrhea,Itching,Bloating,Numbness,Tophi,Shortness of breath,Sore that doesn’t heal
Parkinson's Disease,Pneumonia,Throbbing pain,Difficulty sleeping,Aura,Nausea,Constipation,Frequent urination,Jaw pain,Loss of automatic movements,Itching,Vomiting,Receding gums,Tender abdomen,Bloating,Difficulty swallowing,Numbness,Shortness of breath
Influenza,Pneumonia,Nausea,Increased mucus production,Increased thirst,Neck stiffness,Loss of smell,Constipation,Itching,Chest discomfort,Vomiting,Receding gums,Bone fractures,Swelling,Diarrhea,Irritability,Shortness of breath,Sore that doesn’t heal
Psoriasis,Swollen joints,Unexplained bleeding,Burning,Rash,Nausea,Increased thirst,Loss of smell,Jaw pain,Fatigue,Vomiting,Itching,Bloating,Swelling,Irritability,Difficulty swallowing,Shortness of breath,Hunger
Hepatitis B,Nausea,Misplacing things,Constipation,Frequent urination,Pain during urination,Fatigue,Itching,Chest discomfort,Receding gums,Diarrhea,Bloating,Vomiting,Congestion,Tophi,Shortness of breath,Anemia,Gas
Celiac Disease,Unexplained bleeding,Nausea,Constipation,Neck stiffness,Fatigue,Vomiting,Itching,Diarrhea,Bloating,Difficulty performing familiar tasks,Difficulty thinking,Weakness,Tophi,Hair loss,Shortness of breath,Anemia,Hunger
Influenza,Bowel issues,Swollen joints,Nausea,Hard lumps,Frequent infections,Fatigue,Persistent cough,Itching,Chest discomfort,Diarrhea,Irregular heartbeat,Weakness,Difficulty walking,Sensitivity to light,Shortness of breath,Sore that doesn’t heal,Gas
Pancreatitis,Blood in stool,Stooped posture,Difficulty sleeping,Withdrawal from work,Itching,Chest discomfort,Vomiting,Bloating,Tender abdomen,Bone pain,Bone fractures,Tenderness,Irritability,Diarrhea,Numbness,Difficulty swallowing,Shortness of breath
Epilepsy,Nausea,Increased thirst,Constipation,Neck stiffness,Frequent urination,Belching,Fatigue,Vomiting,Loss of height,Problems with words,Difficulty performing familiar tasks,Bloating,Swelling,Diarrhea,Numbness,Anemia,Sore that doesn’t heal
Eczema,Difficulty sleeping,Nosebleeds,Neck stiffness,Withdrawal from work,Itching,Chest discomfort,Slight fever,Problems with words,Swelling,Diarrhea,Bloating,Numbness,Blisters,Shortness of breath,Thickened skin,Hunger,Gas
Migraine,Blood in stool,Swollen joints,Bleeding mole,Throbbing pain,Nausea,Change in bowel habits,Nosebleeds,Neck stiffness,Depression,Vomiting,Loss of height,Diarrhea,Skin infections,Itching,Swelling,Shortness of breath,Sore that doesn’t heal
Cancer,Unexplained bleeding,Burning,Change in bowel habits,Nausea,Increased mucus production,Constipation,Unexplained fevers,Chest discomfort,Slight fever,Diarrhea,Itching,Receding gums,Swelling,Bloating,Vomiting,Difficulty swallowing,Shortness of breath
Tuberculosis,Swollen joints,Stooped posture,Burning,Nausea,Tremor,Hard lumps,Increased thirst,Unexplained fevers,Vomiting,Itching,Diarrhea,Bloating,Swelling,Difficulty swallowing,Tophi,Shortness of breath,Sore that doesn’t heal
Alzheimer's Disease,Inability to defecate,Aura,Anemia,Increased mucus production,Neck stiffness,Frequent urination,Withdrawal from work,Chest discomfort,Loss of height,Problems with words,Difficulty performing familiar tasks,Difficulty thinking,Skin infections,Bone fractures,Tenderness,Shortness of breath,Hunger
Leukemia,Inability to defecate,Burning,Nausea,Nosebleeds,Constipation,Neck stiffness,Unconsciousness,Itching,Slight fever,Chest discomfort,Loss of height,Bone pain,Change in existing mole,Diarrhea,Bloating,Body aches,Vomiting
Bronchitis,Nausea,Nosebleeds,Coughing up blood,Frequent urination,Constipation,Chest discomfort,Slight fever,Diarrhea,Vomiting,Itching,Loss of height,Receding gums,Difficulty swallowing,Tophi,Shortness of breath,Thickened skin,Anemia
Crohn's Disease,Unexplained bleeding,Bowel issues,Staring spells,Difficulty sleeping,Hard lumps,Frequent urination,Vomiting,Chest discomfort,Diarrhea,Itching,Swelling,Mucus production,Change in existing mole,Difficulty swallowing,Blisters,Shortness of breath,Gas
HIV/AIDS,Pneumonia,Throbbing pain,Rash,Withdrawal from work,Vomiting,Chest discomfort,Diarrhea,Difficulty performing familiar tasks,Bone pain,Receding gums,Swelling,Tenderness,Bloating,Numbness,Shortness of breath,Hunger,Sore that doesn’t heal
Hepatitis C,Unexplained bleeding,Bowel issues,Rash,Hard lumps,Nosebleeds,Unexplained fevers,Vomiting,Slight fever,Receding gums,Bloating,Difficulty thinking,Swelling,Itching,Tenderness,Diarrhea,Shortness of breath,Anemia
Cancer,Redness,Unexplained bleeding,Sneezing,Rash,Change in bowel habits,Nausea,Unexplained fevers,Withdrawal from work,Chest discomfort,Vomiting,Problems with words,Mucus production,Difficulty swallowing,Body aches,Numbness,Shortness of breath,Anemia
Anemia,Staring spells,Nausea,Increased thirst,Constipation,Loss of automatic movements,Chest discomfort,Slight fever,Diarrhea,Vomiting,Difficulty performing familiar tasks,Loss of height,Swelling,Itching,Bloating,Shortness of breath,Anemia,Hunger
Influenza,Throbbing pain,Sneezing,Hunger,Nosebleeds,Unexplained fevers,Vomiting,Change in existing mole,Diarrhea,Difficulty performing familiar tasks,Bone fractures,Swelling,Numbness,Blisters,Shortness of breath,Anemia,Sore that doesn’t heal,Gas
HIV/AIDS,Bowel issues,Pneumonia,Rash,Anemia,Reduced appetite,Irritability,Diarrhea,Problems with words,Difficulty performing familiar tasks,Bloating,Bone fractures,Swelling,Body aches,Numbness,Difficulty swallowing,Thickened skin,Hunger
Kidney Stones,Staring spells,Nausea,Constipation,Frequent urination,Fullness,Fatigue,Itching,Vomiting,Diarrhea,Problems with words,Bone pain,Swelling,Bloating,Body aches,Numbness,Thickened skin,Hunger
Influenza,Redness,Increased mucus production,Reduced appetite,Chest discomfort,Vomiting,Slight fever,Itching,Difficulty thinking,Tender abdomen,Swelling,Tenderness,Bloating,Diarrhea,Shortness of breath,Blisters,Loss of taste,Anemia
COVID-19,Redness,Nausea,Rapid pulse,Loss of taste,Neck stiffness,Loss of smell,Frequent urination,Unexplained fevers,Constipation,Change in existing mole,Diarrhea,Difficulty performing familiar tasks,Bloating,Irritability,Difficulty swallowing,Shortness of breath,Hunger
Hepatitis C,Redness,Swollen joints,Soreness,Inability to defecate,Throbbing pain,Difficulty sleeping,Nausea,Rapid pulse,Constipation,Neck stiffness,Change in existing mole,Problems with words,Receding gums,Bloating,Diarrhea,Tophi,Shortness of breath
Anemia,Inability to defecate,Blood in stool,Soreness,Pneumonia,Nausea,Hard lumps,Constipation,Frequent urination,Fatigue,Vomiting,Itching,Irregular heartbeat,Swelling,Persistent cough,Shortness of breath,Double vision,Gas
Hypertension,Severe headache,Fear,Difficulty sleeping,Nausea,Unconsciousness,Jaw pain,Butterfly-shaped rash,Fatigue,Chest discomfort,Vomiting,Diarrhea,Itching,Receding gums,Swelling,Numbness,Thickened skin,Sore that doesn’t heal
Melanoma,Redness,Fear,Throbbing pain,Sneezing,Nosebleeds,Frequent urination,Neck stiffness,Reduced appetite,Vomiting,Diarrhea,Tenderness,Bone fractures,Swelling,Numbness,Loss of taste,Anemia,Hunger
Common Cold,Fear,Staring spells,Sneezing,Increased mucus production,Change in bowel habits,Nausea,Misplacing things,Coughing up blood,Constipation,Loss of automatic movements,Chest discomfort,Change in existing mole,Bloating,Difficulty thinking,Swelling,Blisters,Shortness of breath
Bronchitis,Swollen joints,Difficulty sleeping,Nausea,Nosebleeds,Neck stiffness,Fullness,Fatigue,Itching,Slight fever,Loss of height,Diarrhea,Bone fractures,Bloating,Vomiting,Congestion,Mouth sores,Shortness of breath
Parkinson's Disease,Severe headache,Inability to defecate,Soreness,Staring spells,Difficulty sleeping,Nausea,Loss of taste,Tremor,Loss of smell,Misplacing things,Unexplained fevers,Diarrhea,Bloating,Bone pain,Difficulty swallowing,Shortness of breath,Hunger
Heart Disease,Blood in stool,Inability to defecate,Stooped posture,Aura,Rash,Nausea,Change in bowel habits,Coughing up blood,Frequent urination,Vomiting,Chest discomfort,Diarrhea,Difficulty performing familiar tasks,Bloating,Tophi,Shortness of breath,Sore that doesn’t heal
Eczema,Severe headache,Unexplained bleeding,Bowel issues,Increased mucus production,Loss of smell,Withdrawal from work,Reduced appetite,Itching,Vomiting,Diarrhea,Skin infections,Swelling,Morning stiffness,Bone pain,Bone fractures,Bloating,Difficulty swallowing
Chronic Obstructive Pulmonary Disease,Blood in stool,Stooped posture,Body aches,Nausea,Increased thirst,Constipation,Loss of smell,Frequent infections,Withdrawal from work,Itching,Chest discomfort,Diarrhea,Bloating,Irritability,Blisters,Shortness of breath,Hunger
Gastritis,Nausea,Hard lumps,Nosebleeds,Neck stiffness,Loss of smell,Loss of taste,Reduced appetite,Vomiting,Itching,Diarrhea,Bloating,Skin infections,Morning stiffness,Receding gums,Tenderness,Swelling,Shortness of breath
Epilepsy,Fear,Burning,Staring spells,Nausea,Nosebleeds,Tremor,Vomiting,Itching,Diarrhea,Irritability,Swelling,Body aches,Tophi,Blisters,Loss of taste,Hunger,Sore that doesn’t heal
Common Cold,Severe headache,Fear,Difficulty walking,Sneezing,Hard lumps,Frequent urination,Itching,Vomiting,Bloating,Tenderness,Irritability,Numbness,Tophi,Shortness of breath,Thickened skin,Anemia,Gas
Hepatitis C,Stooped posture,Sneezing,Nausea,Misplacing things,Coughing up blood,Loss of smell,Depression,Mild fever,Fatigue,Loss of automatic movements,Writing changes,Butterfly-shaped rash,Diarrhea,Bloating,Difficulty thinking,Difficulty swallowing,Shortness of breath
Cancer,Redness,Unexplained bleeding,Blood in stool,Bleeding mole,Change in bowel habits,Nosebleeds,Loss of taste,Unexplained fevers,Withdrawal from work,Vomiting,Loss of height,Diarrhea,Bone fractures,Swelling,Body aches,Difficulty swallowing,Shortness of breath
Lupus,Swollen joints,Nausea,Tremor,Nosebleeds,Frequent urination,Depression,Chest discomfort,Slight fever,Diarrhea,Bloating,Bone fractures,Swelling,Tenderness,Difficulty swallowing,Shortness of breath,Hunger,Gas
Crohn's Disease,Redness,Staring spells,Nausea,Coughing up blood,Unconsciousness,Constipation,Reduced appetite,Itching,Vomiting,Diarrhea,Bloating,Morning stiffness,Swelling,Shortness of breath,Anemia,Hunger,Gas
Gastritis,Nausea,Rapid pulse,Increased thirst,Constipation,Belching,Loss of automatic movements,Fatigue,Change in existing mole,Vomiting,Diarrhea,Bloating,Skin infections,Swelling,Bladder issues,Sensitivity to light,Shortness of breath,Gas
Common Cold,Redness,Stooped posture,Pneumonia,Sneezing,Nosebleeds,Neck stiffness,Loss of smell,Unexplained fevers,Vomiting,Chest discomfort,Change in existing mole,Tender abdomen,Bloating,Diarrhea,Irritability,Hunger,Sore that doesn’t heal
Alzheimer's Disease,Inability to defecate,Bleeding mole,Pneumonia,Hard lumps,Withdrawal from work,Itching,Vomiting,Problems with words,Diarrhea,Difficulty thinking,Tender abdomen,Receding gums,Tenderness,Irritability,Shortness of breath,Thickened skin,Hunger
Gastritis,Stooped posture,Nausea,Nosebleeds,Coughing up blood,Unconsciousness,Reduced appetite,Vomiting,Chest discomfort,Diarrhea,Difficulty performing familiar tasks,Bone fractures,Loss of height,Swelling,Irritability,Shortness of breath,Anemia,Sore that doesn’t heal
Hepatitis B,Burning,Nausea,Nosebleeds,Coughing up blood,Neck stiffness,Belching,Constipation,Unexplained fevers,Fatigue,Easy bruising,Itching,Congestion,Diarrhea,Bloating,Difficulty thinking,Shortness of breath,Gas
Peptic Ulcer,Blood in stool,Swollen joints,Stooped posture,Anemia,Misplacing things,Frequent urination,Unexplained fevers,Fullness,Fatigue,Vomiting,Loss of height,Diarrhea,Itching,Bone fractures,Bloating,Shortness of breath,Hunger
Celiac Disease,Redness,Pneumonia,Staring spells,Nausea,Hard lumps,Unexplained fevers,Reduced appetite,Itching,Vomiting,Diarrhea,Bloating,Problems with words,Tender abdomen,Receding gums,Numbness,Shortness of breath,Anemia
Pancreatitis,Unexplained bleeding,Soreness,Fear,Body aches,Withdrawal from work,Vomiting,Slight fever,Diarrhea,Difficulty performing familiar tasks,Receding gums,Shortness of breath,Irritability,Blisters,Loss of taste,Anemia,Sore that doesn’t heal,Gas
Tuberculosis,Stooped posture,Bleeding mole,Sneezing,Nausea,Hard lumps,Rapid pulse,Coughing up blood,Unconsciousness,Depression,Butterfly-shaped rash,Fatigue,Easy bruising,Vomiting,Receding gums,Numbness,Shortness of breath,Anemia
Melanoma,Redness,Bowel issues,Bleeding mole,Fear,Throbbing pain,Burning,Hard lumps,Increased mucus production,Jaw pain,Change in existing mole,Itching,Vomiting,Tenderness,Swelling,Numbness,Sore that doesn’t heal,Gas
Peptic Ulcer,Nausea,Tremor,Hard lumps,Constipation,Jaw pain,Unexplained fevers,Fatigue,Vomiting,Itching,Writing changes,Bloating,Swelling,Tender abdomen,Weakness,Body aches,Difficulty swallowing,Shortness of breath
Stroke,Severe headache,Unexplained bleeding,Fear,Sneezing,Constipation,Frequent urination,Frequent infections,Fatigue,Vomiting,Diarrhea,Skin infections,Bone pain,Mucus production,Swelling,Numbness,Shortness of breath,Anemia
Chronic Obstructive Pulmonary Disease,Pneumonia,Throbbing pain,Staring spells,Sneezing,Nosebleeds,Loss of taste,Neck stiffness,Nausea,Constipation,Butterfly-shaped rash,Vomiting,Slight fever,Diarrhea,Bloating,Tenderness,Numbness,Shortness of breath
Osteoporosis,Inability to defecate,Burning,Nausea,Nosebleeds,Frequent infections,Fatigue,Shortness of breath,Receding gums,Stiff joints,Swelling,Bone fractures,Persistent cough,Tophi,Sensitivity to light,Loss of taste,Hunger,Gas
Peptic Ulcer,Redness,Swollen joints,Blood in stool,Stooped posture,Bleeding mole,Difficulty sleeping,Nausea,Increased mucus production,Change in bowel habits,Increased thirst,Unexplained fevers,Reduced appetite,Vomiting,Chest discomfort,Bloating,Shortness of breath,Hunger
Migraine,Unexplained bleeding,Soreness,Fear,Throbbing pain,Aura,Nausea,Increased mucus production,Tremor,Neck stiffness,Frequent urination,Unexplained fevers,Reduced appetite,Vomiting,Receding gums,Bloating,Bone pain,Bone fractures
Pancreatitis,Bowel issues,Soreness,Swollen joints,Sneezing,Increased mucus production,Neck stiffness,Unexplained fevers,Reduced appetite,Vomiting,Change in existing mole,Diarrhea,Problems with words,Bone pain,Swelling,Bloating,Blisters,Shortness of breath
Heart Disease,Stooped posture,Rash,Nausea,Change in bowel habits,Loss of smell,Jaw pain,Unexplained fevers,Withdrawal from work,Slight fever,Receding gums,Bloating,Swelling,Bone pain,Numbness,Shortness of breath,Anemia,Gas
Irritable Bowel Syndrome,Severe headache,Soreness,Nausea,Pain during urination,Mild fever,Reduced appetite,Fatigue,Vomiting,Loss of height,Diarrhea,Bloating,Difficulty thinking,Mucus production,Morning stiffness,Mouth sores,Fullness,Anemia
Appendicitis,Stooped posture,Burning,Nausea,Hard lumps,Constipation,Frequent urination,Unconsciousness,Fatigue,Easy bruising,Vomiting,Chest discomfort,Bloating,Swelling,Numbness,Shortness of breath,Anemia,Hunger
Crohn's Disease,Severe headache,Redness,Pneumonia,Change in bowel habits,Unexplained fevers,Vomiting,Slight fever,Diarrhea,Difficulty performing familiar tasks,Bloating,Receding gums,Swelling,Tenderness,Tophi,Anemia,Hunger,Gas
Parkinson's Disease,Redness,Blood in stool,Fear,Throbbing pain,Staring spells,Burning,Nausea,Tremor,Frequent urination,Itching,Tender abdomen,Swelling,Difficulty swallowing,Tophi,Shortness of breath,Hunger,Gas
Hepatitis B,Redness,Blood in stool,Stooped posture,Bleeding mole,Nausea,Loss of smell,Change in existing mole,Loss of height,Itching,Vomiting,Difficulty thinking,Swelling,Diarrhea,Numbness,Blisters,Shortness of breath,Sore that doesn’t heal
Stroke,Severe headache,Redness,Stooped posture,Pneumonia,Nausea,Nosebleeds,Frequent urination,Unconsciousness,Itching,Diarrhea,Bloating,Swelling,Tophi,Blisters,Shortness of breath,Anemia,Gas
Multiple Sclerosis,Redness,Bowel issues,Swollen joints,Pneumonia,Difficulty sleeping,Rapid pulse,Increased mucus production,Nosebleeds,Constipation,Fullness,Reduced appetite,Itching,Vomiting,Diarrhea,Bloating,Difficulty swallowing,Shortness of breath
Melanoma,Redness,Bleeding mole,Aura,Difficulty sleeping,Staring spells,Sneezing,Nausea,Reduced appetite,Itching,Change in existing mole,Diarrhea,Vomiting,Tenderness,Swelling,Bloating,Anemia,Sore that doesn’t heal
Chronic Obstructive Pulmonary Disease,Severe headache,Swollen joints,Throbbing pain,Difficulty sleeping,Rash,Increased mucus production,Nosebleeds,Nausea,Vomiting,Chest discomfort,Diarrhea,Bloating,Mucus production,Body aches,Shortness of breath,Anemia,Hunger
Pneumonia,Severe headache,Unexplained bleeding,Soreness,Pneumonia,Nausea,Increased mucus production,Pain during urination,Fatigue,Easy bruising,Vomiting,Itching,Diarrhea,Bloating,Swelling,Sensitivity to light,Shortness of breath,Gas
Diabetes,Change in bowel habits,Rapid pulse,Hard lumps,Increased thirst,Frequent urination,Coughing up blood,Misplacing things,Loss of automatic movements,Fatigue,Vomiting,Irregular heartbeat,Diarrhea,Difficulty thinking,Mucus production,Numbness,Shortness of breath,Hunger
Melanoma,Redness,Unexplained bleeding,Swollen joints,Blood in stool,Bleeding mole,Change in bowel habits,Vomiting,Chest discomfort,Receding gums,Bloating,Swelling,Tenderness,Bone fractures,Diarrhea,Shortness of breath,Anemia,Sore that doesn’t heal
Epilepsy,Severe headache,Bleeding mole,Staring spells,Nausea,Increased mucus production,Tremor,Frequent urination,Unconsciousness,Unexplained fevers,Vomiting,Chest discomfort,Diarrhea,Bloating,Swelling,Mucus production,Tophi,Gas
Migraine,Stooped posture,Pneumonia,Aura,Nausea,Chest pain,Nosebleeds,Increased thirst,Depression,Fatigue,Vomiting,Slight fever,Diarrhea,Hair loss,Difficulty thinking,Tophi,Sensitivity to light,Thickened skin
Epilepsy,Unexplained bleeding,Bowel issues,Bleeding mole,Burning,Sneezing,Increased mucus production,Unexplained fevers,Reduced appetite,Vomiting,Chest discomfort,Diarrhea,Problems with words,Loss of height,Blisters,Shortness of breath,Thickened skin,Hunger
Leukemia,Blood in stool,Swollen joints,Throbbing pain,Nausea,Nosebleeds,Reduced appetite,Itching,Vomiting,Diarrhea,Skin infections,Bone pain,Difficulty performing familiar tasks,Problems with words,Morning stiffness,Swelling,Bloating,Shortness of breath
Parkinson's Disease,Severe headache,Swollen joints,Redness,Difficulty sleeping,Increased mucus production,Reduced appetite,Vomiting,Itching,Diarrhea,Difficulty performing familiar tasks,Difficulty thinking,Tender abdomen,Bone fractures,Swelling,Tenderness,Shortness of breath,Hunger
Ulcerative Colitis,Inability to defecate,Blood in stool,Soreness,Stooped posture,Throbbing pain,Staring spells,Nausea,Tremor,Neck stiffness,Vomiting,Shortness of breath,Diarrhea,Receding gums,Numbness,Blisters,Loss of taste,Gas
Gout,Blood in stool,Pneumonia,Sneezing,Anemia,Increased mucus production,Hard lumps,Nausea,Increased thirst,Reduced appetite,Chest discomfort,Vomiting,Diarrhea,Bloating,Swelling,Body aches,Shortness of breath,Hunger
Leukemia,Redness,Blood in stool,Bleeding mole,Difficulty sleeping,Hard lumps,Nosebleeds,Blisters,Change in existing mole,Diarrhea,Bone pain,Mucus production,Swelling,Difficulty swallowing,Tophi,Shortness of breath,Anemia,Hunger
Parkinson's Disease,Blood in stool,Nausea,Tremor,Increased thirst,Frequent urination,Loss of automatic movements,Withdrawal from work,Itching,Chest discomfort,Diarrhea,Problems with words,Swelling,Vomiting,Bloating,Difficulty swallowing,Blisters,Shortness of breath
Gastritis,Severe headache,Throbbing pain,Sneezing,Nausea,Nosebleeds,Increased mucus production,Coughing up blood,Reduced appetite,Vomiting,Change in existing mole,Bloating,Tenderness,Swelling,Blisters,Anemia,Hunger,Gas
Parkinson's Disease,Blood in stool,Fear,Throbbing pain,Change in bowel habits,Tremor,Neck stiffness,Itching,Loss of height,Receding gums,Tender abdomen,Bone pain,Bloating,Vomiting,Difficulty swallowing,Shortness of breath,Thickened skin,Anemia
Lymphoma,Blood in stool,Bowel issues,Soreness,Staring spells,Anemia,Frequent urination,Reduced appetite,Itching,Vomiting,Diarrhea,Difficulty performing familiar tasks,Bone pain,Change in existing mole,Bloating,Difficulty walking,Shortness of breath,Hunger
Pancreatitis,Redness,Swollen joints,Burning,Nausea,Anemia,Increased mucus production,Misplacing things,Constipation,Itching,Vomiting,Loss of height,Tender abdomen,Bloating,Tophi,Shortness of breath,Thickened skin,Hunger
Anemia,Blood in stool,Throbbing pain,Nausea,Tremor,Nosebleeds,Misplacing things,Constipation,Vomiting,Itching,Chest discomfort,Difficulty performing familiar tasks,Difficulty thinking,Bone fractures,Bloating,Diarrhea,Numbness,Shortness of breath
Chronic Obstructive Pulmonary Disease,Severe headache,Blood in stool,Nausea,Increased mucus production,Frequent urination,Itching,Vomiting,Receding gums,Diarrhea,Difficulty thinking,Mucus production,Swelling,Bloating,Shortness of breath,Hunger,Sore that doesn’t heal,Gas
Cancer,Inability to defecate,Unexplained bleeding,Swollen joints,Bleeding mole,Throbbing pain,Staring spells,Unexplained fevers,Chest discomfort,Vomiting,Diarrhea,Itching,Bone pain,Swelling,Difficulty swallowing,Shortness of breath,Thickened skin,Gas
Appendicitis,Burning,Body aches,Nausea,Hard lumps,Nosebleeds,Frequent urination,Constipation,Vomiting,Loss of height,Diarrhea,Bloating,Swelling,Bone pain,Tender abdomen,Irritability,Shortness of breath,Anemia
Eczema,Redness,Headache,Difficulty sleeping,Nausea,Loss of smell,Loss of automatic movements,Pain during urination,Fatigue,Poor judgment,Vomiting,Itching,Diarrhea,Bone pain,Persistent cough,Blisters,Shortness of breath,Swollen lymph nodes
Heart Disease,Rash,Nausea,Increased mucus production,Loss of taste,Increased thirst,Misplacing things,Belching,Itching,Change in existing mole,Chest discomfort,Vomiting,Bone pain,Bone fractures,Blisters,Shortness of breath,Thickened skin,Sore that doesn’t heal
Ulcerative Colitis,Increased mucus production,Neck stiffness,Withdrawal from work,Itching,Slight fever,Diarrhea,Bloating,Bone pain,Bone fractures,Vomiting,Numbness,Body aches,Difficulty swallowing,Tophi,Shortness of breath,Hunger,Sore that doesn’t heal
Pneumonia,Severe headache,Swollen joints,Throbbing pain,Nausea,Nosebleeds,Misplacing things,Constipation,Unconsciousness,Chest discomfort,Vomiting,Diarrhea,Difficulty performing familiar tasks,Swelling,Bloating,Numbness,Shortness of breath,Sore that doesn’t heal
Pneumonia,Swollen joints,Soreness,Change in bowel habits,Nausea,Nosebleeds,Neck stiffness,Vomiting,Chest discomfort,Diarrhea,Skin infections,Difficulty performing familiar tasks,Bone fractures,Tenderness,Bloating,Difficulty swallowing,Shortness of breath,Anemia
Celiac Disease,Blood in stool,Bowel issues,Inability to defecate,Sneezing,Nausea,Tremor,Constipation,Frequent urination,Unexplained fevers,Vomiting,Diarrhea,Bloating,Irritability,Difficulty swallowing,Shortness of breath,Anemia,Sore that doesn’t heal
Eczema,Severe headache,Bowel issues,Swollen joints,Fear,Aura,Difficulty sleeping,Nausea,Tremor,Reduced appetite,Itching,Vomiting,Receding gums,Change in existing mole,Bone pain,Swelling,Diarrhea,Thickened skin
Pneumonia,Soreness,Rash,Anemia,Nosebleeds,Reduced appetite,Vomiting,Itching,Diarrhea,Bloating,Difficulty thinking,Mucus production,Bone fractures,Swelling,Difficulty swallowing,Shortness of breath,Thickened skin,Hunger
Common Cold,Redness,Swollen joints,Pneumonia,Burning,Nosebleeds,Unexplained fevers,Itching,Vomiting,Receding gums,Skin infections,Swelling,Bone pain,Shortness of breath,Irritability,Loss of taste,Thickened skin,Gas
Lymphoma,Severe headache,Nausea,Nosebleeds,Neck stiffness,Fullness,Fatigue,Itching,Vomiting,Congestion,Skin infections,Bloating,Mucus production,Stiff joints,Bladder issues,Difficulty swallowing,Shortness of breath,Anemia
Ulcerative Colitis,Nosebleeds,Frequent urination,Loss of smell,Unexplained fevers,Withdrawal from work,Chest discomfort,Loss of height,Diarrhea,Difficulty performing familiar tasks,Morning stiffness,Bloating,Swelling,Tenderness,Vomiting,Numbness,Shortness of breath,Thickened skin
Celiac Disease,Blood in stool,Inability to defecate,Soreness,Nausea,Coughing up blood,Belching,Jaw pain,Vomiting,Diarrhea,Bloating,Morning stiffness,Bone fractures,Swelling,Tophi,Shortness of breath,Thickened skin,Anemia
Irritable Bowel Syndrome,Redness,Sneezing,Nausea,Tremor,Constipation,Belching,Fatigue,Easy bruising,Change in existing mole,Anxiety,Diarrhea,Skin infections,Difficulty performing familiar tasks,Problems with words,Stiff joints,Tophi,Shortness of breath
Parkinson's Disease,Severe headache,Stooped posture,Burning,Rash,Nosebleeds,Frequent urination,Loss of smell,Unexplained fevers,Vomiting,Itching,Diarrhea,Bloating,Difficulty thinking,Morning stiffness,Tenderness,Numbness,Anemia
Hepatitis C,Blood in stool,Fear,Difficulty sleeping,Nosebleeds,Loss of taste,Neck stiffness,Frequent urination,Reduced appetite,Vomiting,Diarrhea,Tender abdomen,Difficulty thinking,Bone fractures,Swelling,Bloating,Shortness of breath,Anemia
Alzheimer's Disease,Soreness,Nausea,Hard lumps,Nosebleeds,Loss of smell,Withdrawal from work,Reduced appetite,Itching,Loss of height,Diarrhea,Change in existing mole,Difficulty thinking,Swelling,Vomiting,Bloating,Numbness,Sore that doesn’t heal
Influenza,Severe headache,Bowel issues,Chest pain,Nausea,Nosebleeds,Increased mucus production,Loss of smell,Jaw pain,Pain during urination,Fatigue,Vomiting,Itching,Loss of height,Stiff joints,Bone fractures,Anemia,Skin changes
Stroke,Severe headache,Bowel issues,Soreness,Fear,Redness,Difficulty sleeping,Hard lumps,Frequent urination,Vomiting,Chest discomfort,Diarrhea,Itching,Difficulty thinking,Bone pain,Swelling,Tophi,Blisters
